MUC16,KRT19,AGR2,RRM2,GRPEL1,FGF21,DPY30,PAEP,MAD1L1,KRT18,cancer
-3.156554993103804,1.8498722899380449,-0.0616148405539492,-2.458340850607475,2.480681847202082,1.9886811188783529,2.5038028730881514,-0.7222498617989064,1.2645108138348555,-2.166717604729072,1
-4.013730357869735,-0.529227035449899,0.9179864362184412,0.0975751113391098,0.825854171847586,1.702567707938071,-1.7319384603807952,-1.4791956589483377,0.1777320405130001,0.5965631855617748,0
-4.77187698912118,2.105486912604169,-1.3951049277957694,-0.5323718820424965,-1.9327178386813677,1.3894975784973806,-1.1814612843871048,-2.411760101622796,-0.4327017999452185,0.4685734803569327,0
-0.8535834819531437,-0.0400887035856534,0.4590848104593081,0.8614391825359518,0.0235500834909174,-3.817928432294696,0.5578011235352407,-2.4102094024978697,0.1047148199890637,-0.754062085964835,0
-3.4579528493302885,3.888479488528386,3.616026034731438,1.9157128077082324,-2.116138637337309,3.94237710028737,1.1299833016218537,3.6390838024342456,-0.2881248296930865,2.503399741711055,1
-3.3167481008138955,0.8245665236421078,0.4683472569217115,-0.9596407645697522,-1.2275144970699596,2.1590232372162426,-0.5657877306038626,0.5064014715755741,-0.2849039068482412,0.8691161065776052,0
0.2924228735774672,-0.5929518060204524,-2.579392972090454,0.3754669100124482,1.8701566924155448,0.3787295070898908,-0.142233248108734,3.463170702719081,-0.623538826559894,-1.187399281683217,0
-1.263234558501734,2.405083400562577,-3.947951153853449,0.1306388538091936,-1.9664091290221355,-0.327867341052764,0.7514457308129576,-2.46703693330578,-0.5471648808305931,-1.964794807507923,0
-8.471942114573316,0.5549449076467843,1.9460415535537097,2.03802146591577,2.121406861428958,0.8295837447670952,1.3386051987007832,0.8654206365552921,0.1691576483943863,-1.9510275711178784,0
-4.006048426539757,1.2285980265739198,-2.066605832362436,1.2922085564481849,2.2678135129559687,-1.2308863124353255,-0.5695038355956259,-1.005007099233289,-0.0602124884076415,-0.8674660332777501,0
1.361401483923712,-1.320474979249376,0.2448616770839999,0.2713747634180263,-1.1706620701616537,-2.27883464989172,-1.4890179261604972,0.929279218671094,-0.4290383560510038,-3.0550992081340937,0
2.7693898592541557,0.1543181717805596,0.2624093176468196,0.4177044173270022,-0.5581799525147785,-1.1418710005055384,-1.1558239420580283,1.8241885285813653,0.5628990874410301,0.5168253840664854,0
-4.883513692052777,0.4932863819242098,0.1773298947306203,2.810428765700701,-0.1687969033897404,2.954141871098255,0.2654986129163486,0.7643217222801719,-0.3304847545288413,-0.0020379380667693,0
-0.2137119255190488,1.0712184545548618,3.1084072018173137,1.6969916773262463,-2.359171109572185,2.981822029401024,2.631991264028389,2.489013698078778,0.2988148969623264,0.843642096068303,1
-0.0402166128357368,1.153515049281829,1.899715570567377,0.8184562906139629,-2.247353172396888,-1.7139092650249568,0.7178343514588088,1.431351650044392,1.1079698621925531,0.0976625057612206,0
-1.137947230839397,0.2086101282293903,-1.084774186786575,1.4985358667831856,2.462361236892044,-3.487145078977,-0.6614299212339434,3.807702736348912,0.4789663455099755,1.4932991578481107,1
3.3594546870667368,4.18935140818697,3.5505042298910965,1.283400073025298,4.4662757292106345,3.3511640781996155,2.4382827413587758,1.0247232100361736,2.446705605766513,1.999418560036144,1
-1.1303125449674298,-0.2064337977650451,-0.6535477522071702,0.1931823747080665,-0.5561723522099273,1.9790964572104104,3.517870114625776,-3.4969328307879737,-1.3861445939682286,-1.4590088601042963,0
1.8130830530758035,-0.7659857384180503,-4.760566887375293,0.6901159413724995,0.1604711088541768,-1.0380523448370187,-1.7456990354075284,3.849592523844806,0.1337519043683737,0.8564501048849665,0
-0.0335067489737826,-1.2569036739480606,1.5572713594183585,-0.3406026610795651,1.2164424945885015,3.113411878534501,1.848045136888512,0.677386221264165,1.0188608425038896,3.202291894584023,1
-7.291621554313254,2.0848490190121045,-1.227259380030717,-0.4941380422650149,0.4303486932386138,-0.879108647527236,-0.5991619561297962,0.7673653231248059,0.1138357221794862,-0.8646265373439384,0
-8.7639718539497,2.4129975341284022,0.8629378218430473,1.4016625627098231,-3.778501597380554,-4.423619323331241,0.4542510410246048,0.723877515947829,2.277410393377283,2.7758664988851125,0
-0.5495156266763005,0.935880544071666,-2.303095428372922,0.1797902101879009,-0.8474698197506849,-1.4645213310678078,-1.1206140267140754,-0.0233099167052076,-0.9043633288973516,-0.2991204763415352,0
-2.803209478246781,-2.1196079634136265,-0.4439561015922938,0.8725401273260418,-1.092207660373468,-3.221073966668289,-0.5579659117115133,0.3965044243746905,-1.1267114729066696,-0.6575723056009233,0
1.7957093736490235,-0.0633623738798537,0.5051114892729327,-0.2083776809553619,-0.4480308272550298,-1.276592099209364,1.0307031824586057,0.8875483533555887,-1.0265793570685533,-1.5650510513278342,0
-0.0961153473287926,-0.348756655978419,1.4385310283855512,-0.3159656844866192,-1.183236695275411,-0.3002191692780549,0.0052415266296547,-0.6947266288360039,-0.3019966085194426,-0.5216401584373354,0
4.816007665996235,6.494766558337584,2.439131671589223,4.792448044292457,6.361968692236377,-2.5808668489622213,-0.788832994352052,2.661570438982701,1.4727372547702835,1.2850770057863858,1
-1.038557501162627,1.166303655504532,-3.0477660134756324,1.9011288715374484,0.2784557207394558,-0.9429309159779632,2.6906842287994133,-1.5273185047536442,0.5844762994666451,0.2142256493652413,1
1.7552703621852777,0.7757824582930568,-0.8945171919976,0.3280174250060529,-1.7538641583226051,-0.1015315573048509,2.7344787723316,2.2983358815889186,2.523240254051045,-2.001696108105848,1
-2.0750514459266576,-2.44091985401089,2.0302094861068225,-0.9706171454993062,-0.995413937725704,-2.5801052381301983,-0.3363188147566099,-2.165779931469688,0.4743529054742447,-0.6765478250791355,0
1.721472288966819,0.4415938292344452,1.2999763048152078,0.612947231212474,-0.1976861077392984,1.645854873432342,-0.2837825881621131,2.9591647796823213,0.2161853725882052,0.4455586130875361,0
-0.031116741835651,3.7122809698222072,0.1246008155106865,-0.6686040876399,1.3207812635209557,1.9026057436054835,1.7131928007495414,2.8415877071679616,0.7500778021451199,0.5514086055354095,1
2.348111060453732,3.94297967172296,3.3460498702965773,-0.1813181199985785,0.3642892562959791,4.66791194086904,1.717865272784392,1.572354276510326,-2.0542706365160406,1.8459660580360304,1
0.2511065742345288,4.604803978937248,3.724907551801857,0.5541000138692955,3.948504533614484,-0.2546653278876991,4.479044992733828,8.82784399573882,4.662871083822738,2.5274394828754376,1
-2.321997650520446,-0.1791414930843954,-0.7798039591323336,-0.0337946960818605,0.4602338903075501,-0.6643819450346136,0.8536120356300777,-0.4372259761060719,0.2692786946505711,-0.457505014944221,0
-4.712794408730503,0.4914609857627549,-4.098102150845142,-0.4347168831986265,0.021763812221227,0.7674543527203401,1.7560087410956111,0.5226358488589119,-0.5142051651659322,-0.6884284513191973,0
-2.8844217512724213,-0.0344326695261674,1.3410353449761063,-0.8010559391658223,-1.3976360380902026,-0.8769143393238392,-0.2367801742770387,2.50649183350423,-0.439051638437129,1.7637546705870664,0
0.8339213246053738,0.1958234298530651,-3.119730516203267,-0.1392290796667696,0.3336112408750109,-0.8242286003744271,0.907368603154481,3.03776214706584,1.678109775176508,-1.7199923000053938,0
-2.2790135741251816,-2.3724859502694664,-1.691948241858834,-0.1617598689024899,0.6704769797342921,1.2073089563560435,-0.7560583399980872,-1.998533048162138,-1.7985694858745356,0.2848333370311939,0
-6.88787929720408,-1.5106628308994767,-0.9719501008707624,0.5356555885410087,1.138187856383415,-1.4008479116614905,-0.1121530768925879,-1.3137656189322402,1.3076284077184896,-0.1341039301238998,0
-2.5153410537908565,0.005621108384684,0.0082978410296076,-0.3247441511262178,-1.081368297519124,-4.418485108560408,-1.3688839400000878,0.3753929943056683,-0.9756479726528522,0.6990770556049868,0
1.2049572219876532,-1.2740595388184053,-0.7572732257814161,-0.6447798450878377,1.5297441962508396,-0.0480828650338032,-1.4133945118286222,1.698584331363227,-0.2547666664394333,0.2421629712210405,0
-0.6927281753518792,0.1347071195662689,-0.4543020113110473,-0.0891541787004944,-2.5450001795663213,7.330512183154017,0.854759713591033,-0.8823916322168488,0.1768765089227869,-1.0934177569807113,0
-2.537121261191594,2.0805703667655,-0.6923139359012895,-0.4582542034809272,-0.5608662552788022,5.544405655721566,1.2041760258286585,-0.6352677600771801,1.1338896674186487,1.3877054973227991,0
2.062494678443586,1.4420494383502018,-2.335742468480391,0.8318749474752092,1.1597835908340866,0.5368743351641174,0.1885224684369381,3.875210800132838,0.8778315820146052,0.6260107689582639,0
-2.396026447196257,-1.1930569949274734,-2.896647137382888,-1.541376918266792,2.2505646612381804,-0.4169366901326345,-1.4077545318265408,0.4234631738988535,1.1419990815403185,0.2861263603103706,0
1.7521079047145738,1.0147186307392122,-0.1118810962117461,0.788604875744529,-0.1129953185683876,-0.0990817885551857,-0.2139749500763805,-0.6441849998601243,0.8283492221325061,-0.5954835220965858,0
1.7458518500009872,0.9999026746498128,0.3062439684379636,-0.4035377860421014,-1.3355059094722368,-0.6727978741831131,4.599160085529562,0.0558291133772335,-1.2624398159000427,0.1779889980619962,1
-3.098149116220097,-0.5540385690410139,-0.41857275123524,-0.3503067239154331,-0.614963496299504,0.0909826752881911,0.2763431533392303,-0.8117093671142969,0.402396570776817,0.4224758150833302,0
7.097067734796834,1.971804188480887,0.7440594880528774,0.7782135710817427,1.7620511205413325,-1.6726406017392406,0.4896719165123092,4.529219682016523,-0.4156397871705755,3.437862379526992,1
-2.9610284477781814,-1.9630917541574016,1.3427527602981222,-1.9083575094385536,1.0777594326987432,1.4047223567931146,3.316153190446302,0.9553964668233648,1.4811436871761925,-1.4225403136759478,1
-0.9731655646478948,1.1253692378843765,0.888075791909753,1.3745363768853556,-1.3818935412246658,0.5757661450934268,-0.0472045685413418,0.6721682334784724,0.1673248581371063,2.237843652395843,0
-6.132725347842752,3.2272178755825163,1.4194380852722048,-2.646029351955605,1.229476447210706,4.021982329458414,-0.9962667512515356,2.831108527861187,0.0085402513656809,0.4402223538542611,1
3.3682652546663707,1.079214392861754,0.9295206095092504,1.7705229431335423,0.6349172337596525,-0.996741224199372,-3.122136241438465,1.5810418136559852,-2.0798017835035627,1.6870805920435474,1
3.830745595781076,4.145152303353709,-1.7899192843567395,6.784650900931018,2.174195388736455,1.0832137480949446,5.225211943655527,2.963151141890725,0.9263740236172532,-0.0546895438762111,1
-0.0019725085060593,4.626057955356448,5.109988893298453,5.288529649864744,4.821006083029766,5.391298545993175,2.559872249070577,1.9169834940944552,1.9792337695230853,2.8155393570935474,1
0.7502580840742602,-0.5240278791521494,-0.8166690350255543,0.1889927440730114,2.2941980774146584,0.142474787561216,0.6903492422217344,-1.8877114766716263,0.7636575593320762,0.5115918925190452,1
1.9442517023832857,-1.867603461667687,-0.8879903573894616,-0.4708356984852654,0.445177579602405,0.3828465723173739,0.4338281559998884,-1.889115784530668,0.0460805068526356,-0.2834649114772061,0
-4.021224702838052,-0.1300395423013371,-1.7487938043034972,-1.3865616203888365,-0.1615328646096547,-1.1040505839246444,-1.960751171959884,1.26945516797833,-0.3377768046302609,-0.6934927045714494,0
-0.1314553615885688,1.7182210188435212,-2.002189950664212,-0.7977122429906909,-0.8188161163438246,-2.70031505193226,-1.6977338264112023,-0.5973435343939889,-0.5305520721946204,-0.7078812094102609,0
-1.420599932281332,-1.335194711773513,-1.591238464446041,-0.0946348420863079,-0.9209415510523248,-1.909572037722604,-1.292604375715404,0.2679893799410779,-0.519764033477066,0.0782475767941955,0
2.320164903099128,3.797408625888736,2.9880239082268147,5.729692950544237,3.519577637604093,2.111748588865613,-0.8415750025191748,6.246292175967834,-0.1289148719732593,3.370519284900209,1
0.2066493939451978,5.0243825505485455,-0.5789335500122661,1.2195775000492468,-0.0943861488136001,3.2246496811327887,3.058796686206458,2.371778773331455,0.6261634022403335,1.5567075290915355,1
2.750929522648532,-0.1760853691079662,-0.7020801455213491,0.0101476201683484,0.1000079499777816,-1.3504911938270452,-0.8572527875479035,-0.247126341801991,0.0462892708993342,0.569703521258881,0
-1.837223730387264,-0.6456388469241231,-1.0975375358590005,-0.8663011764153143,-0.3391403750073253,-2.5213766230082757,-0.8121569380841592,2.258580036639698,-0.0855265572153405,-0.0677631285283404,0
4.40424653609743,-0.3583151234344606,1.0496791171384492,4.327215184160809,2.88624532535414,-0.0810210945309011,0.8567339522461814,3.587964558652017,3.445225850862407,0.683830634881949,1
-1.5655101050202394,1.5887243022963629,-1.4122258923418287,0.3050723372393796,-0.0749000455790434,-2.416328600226506,-0.5501432345945616,2.826252695093761,-0.0289229356786159,-0.1978458609696844,0
-2.4659778128088186,0.1394552914404883,-1.892995573482084,-0.2331171612488209,0.8502826937143536,-0.8295130125646398,0.8750470208248928,3.755245997615487,1.44629402830545,-0.3410088598231894,0
-1.404882140184902,1.2306863583203174,-0.5561611807066478,-2.349750363103313,5.07340628587168,3.1701722005397386,-0.1142365047612514,2.808839185785111,-0.9916539254776956,2.860821473678637,1
-3.0923667083881483,-1.7684958931399024,1.0386282802498732,-0.4158648969298271,-0.3588286853011746,-3.297821120785328,-1.282054421356083,0.5949901419311543,-0.3200825390086693,-0.3195229093978999,0
-2.4755225806563,-1.3867469384786089,-1.7456375661017731,-1.0575980801165714,-0.5721801513729677,-1.322129931384506,-1.7859872674836357,1.5588308664958337,0.0081013566764569,-1.6277797238188962,0
-3.691900854585525,-0.841292948192415,-4.52598009325707,-0.0824748287422259,0.5710739700707381,0.4626520228917285,-0.4599948114835754,0.1327541899254411,0.0983505832673627,-0.3880749653850712,0
-1.7456756392378403,-0.9589051740787642,-0.1205606917874713,0.8612909134199596,-2.240450378365769,-1.1905970564971728,0.0396139395424042,2.918897310241643,-0.1845596780529085,1.2222425595867763,0
-4.460996492920991,-0.4793909075465766,-0.354304774103712,-0.1122377697441997,-0.7793017971255425,-2.118263122499993,-1.6898934892443884,-1.2443056753055233,-0.6281102164018539,-0.2072025637756276,0
-3.859036769197825,-1.751594084716617,0.8801571207363348,-1.677664693071721,-2.368278225383316,-1.6188721905897128,0.4681597603622416,-1.4349546002000166,-1.2985709326066477,-0.3130202309080069,0
3.501926474745931,-0.1698126279950564,-0.639703042707281,-1.0060954177968326,-0.0138829011363155,1.6102428791839145,-0.5875241826580672,1.0049467189746453,0.1785957710604715,1.04282408322454,0
8.195905256781693,1.6606822040173157,3.335618533154048,-0.3782033344341382,-0.7018709575573778,1.6912773954925204,-0.2776094321957563,4.248962801056302,1.2196814656360535,-1.0534612092093385,1
-1.0180040816735,-0.7559170331145568,-2.4270620578224795,-0.3505547376353639,-1.0638757068062032,-2.904434078778453,0.1790344329860337,1.4813377226275952,-0.9444208824414276,-1.3564338098262845,0
0.3431141323995548,4.784882567147084,-5.241058296876712,2.279049657336772,0.4328985261632813,-0.4823778328473684,3.961298686103878,1.8417032928650776,2.822470257818668,2.611369648459669,1
-0.7222047589148356,6.441348138525125,3.248143433888955,2.4519012563761926,1.3423935598151575,4.263035273687354,1.0084851553953469,4.4960678227616375,0.0781426392901906,-0.6167062455712804,1
2.597651277121085,0.6047140421228019,0.0435498107690359,-1.0550541175052743,-1.4517728361176483,-1.6584621347869324,-1.0780046078413337,-0.7067509572943296,-0.718549512926858,-0.0932794291942164,0
3.809303171900409,-0.4559979951393186,1.262675605660821,3.173629959607065,3.9381769047831394,1.58842077208588,0.9329272873165764,1.916620149185352,1.355667017192075,2.7142228296457067,1
2.545786164160241,3.070900292298397,-1.4658588110469404,-0.3921887263063133,-2.263999973661224,-2.4334788614784264,0.6259680239780255,2.7969503751934264,0.0026828527021243,0.9447518495739066,0
4.370403953242048,-0.910795054790252,-3.491460958257748,0.3227614985956176,0.1497327413805137,1.1294487026817157,0.5179169646220759,-0.3914104902162484,0.8640987016282496,0.4782252185605329,0
-3.74210657551649,-0.062104588179601,-0.7593826024594719,1.1172722859251798,0.244403573108333,-0.7703770803252188,-0.0504173101420725,-2.1747565978251373,-1.1587271010044364,-2.710572474907319,0
-2.663394568870042,-1.5124493577228526,-3.224746062574887,-1.1223820525426795,0.3188468175919948,0.8856415935175754,-1.6021793363001344,-1.374014266363368,-0.4384273633330202,-1.3277398577630806,0
-1.701844512239603,-2.417129252744329,0.687246093457548,-0.8219464829147243,-0.5958003692238383,3.167908161221826,-0.795775238560084,1.372856747193396,-0.2450390727081124,0.9389898860640212,0
1.2713824776235858,-0.714441243851921,-2.972728042160063,0.5061141853303734,1.6295474053923766,-1.4206438104746613,-0.4036310389046591,0.6935864823217287,-0.3278233899843594,-0.6919405633402094,0
-2.2996953771865827,0.6568421244828717,-0.0142425634454047,-0.3801227214198387,2.341925249314101,3.29127898844746,-0.5267108147373276,-1.7024453334730856,0.5765366701658917,3.063870548878679,0
5.481728091709593,6.309755779604171,0.899952971215757,2.823922214678875,3.690247576162563,1.6714494759071112,2.918273311107044,8.395268632166863,3.224184821394832,5.2053962309225446,1
-3.526602428104071,-1.541866374943353,-0.5763724651703898,-0.3034742947408426,-1.5190055627763406,-3.7663100665569273,-0.1001781073556137,0.0623020004098426,-0.3458436478489286,-0.4062150177981262,0
-4.328330244083956,-0.0361643479546462,-0.925336974307416,-0.4002330787829796,2.5479752107682456,0.3844307990964514,-1.1206741978105783,-1.5260220099236936,-0.1483665964882777,-0.5971754999331098,0
0.9100984045738028,0.2083880617385038,-0.1636881087369008,0.661779832791057,-0.3349370580171203,-4.020937410496964,-0.2144595020995548,2.52288746402658,-0.1039524762663893,-1.3798759375793987,1
-5.589440995542548,-0.3484474637942053,-2.9044418190532464,0.001203608357259,-0.8534071807194461,-1.7798678740404956,-0.0033675060988788,1.444413682547495,-1.655565892899021,-0.7801781831611705,0
-2.883327637520356,-0.978629057184708,-3.3237909460098964,3.3815780140809784,-1.0401517286143078,-1.969234892109757,5.467681711336348,3.142662557383864,1.3928611001687594,0.1998362413696439,1
2.4940579996250047,0.066963474933256,-1.950281829190109,-0.5067395593868782,-1.4057231588811951,-0.4074319947278607,-1.2825349210548973,0.0240095188193939,0.636275972439951,0.1166735882484494,0
-0.1355128909262869,-2.317428266525476,-4.5348602346748015,-0.6402067316303619,-2.1594145891025045,-1.5939871605756994,-0.293386248577551,2.256851816330097,-1.1096937827118092,-0.8416367939337266,0
2.35449568475554,3.282905214467153,-6.412862066721905,1.2820242059340514,-0.5852105941813575,0.944983504174209,-2.346636848690004,3.5696086106429723,-1.160450939262914,-0.0704432576375251,1
-5.590200707089348,0.738926128106177,-3.2534853062750164,-0.0815699764928854,0.0548250488897279,-2.599694537462467,-1.982857698373245,1.4549407331740836,-0.6542903686354472,0.4269134497071113,0
0.413375484952422,-1.9950010101865567,-0.5447341332496314,0.9157891905161116,1.9993102849912343,7.141748497490334,2.0907761720113145,0.2753033334085123,-0.0632451470841019,-0.7563731860142978,0
1.0472555403248496,-0.1946163673600959,0.5115511453755981,-0.1598852343613108,-1.4796467818697394,-5.3307303146916505,2.592485742418545,2.372096736334304,2.9838731823823244,3.1430189071514807,1
1.2700428836112103,0.8225839260261953,-0.7582479553636943,-0.6544817573343459,-1.5163466227683111,-0.8610722470263116,-0.6881531695657517,0.2620344894975063,0.3556704078448015,0.7890159490678554,0
3.012863830283679,0.4020989377401256,4.403258902020637,3.985605212685007,2.7951644696613176,2.957527677320175,1.1063799097083815,3.680748450161857,1.4280515659950022,2.483238084350384,1
-7.002122364915845,0.4669730079298534,0.1600094819560757,-0.3403562666077164,2.841389140911432,0.8206127116549067,-3.1283042715959297,0.8645361478410063,1.873899229865426,-0.9383543852464664,1
-7.226921000041818,0.9714054624357088,-2.247366979732049,0.4457376275502216,0.4352870724214405,1.9361062919784129,0.1789708810376818,0.1292544318771756,1.5559756881115256,-0.2750166365938684,0
2.7993770760019387,-0.7915586287079228,-1.6538519686840591,0.1034671086080524,0.3090526390309074,-3.937114737663596,-1.3320700445903295,-0.2025642925190751,-0.1681398014013289,-1.4681877827949126,0
-2.079947482166968,0.5097195851741472,2.6885235175564435,-0.3734668176985168,-0.1975130390304616,4.962544914694272,0.051788881768533,2.670300956804721,1.645153833968199,0.8325375678225424,0
-2.9108538519120306,0.3280780301346993,-3.585378816427726,0.4783300895095663,0.9840788253899416,-1.9199307550640137,-0.907694297436484,1.245558631195461,-0.6171176357230965,-1.0200766321584716,0
-1.1770689109875243,-0.2003756969893296,-1.5571008711690086,-0.2488068489585872,0.2412485477021951,-2.234200355716689,-1.1406140927780446,1.2693298692881758,-1.2539981950728547,-1.9631524735219847,0
-0.210171810881976,2.3543253192865388,-2.5914329084645606,-1.1336020957170865,-0.6532578833160315,0.1917340996595201,-0.6774752529026045,0.1960492267364839,-1.2272381698082266,-1.516114682159836,0
-2.1260330142333896,-0.1214178171525734,2.1576823346309344,2.487299477264115,-0.949426293642519,2.2855755668951248,0.8096462945705427,0.3623925328340617,0.6135407584446071,-1.2149368426800815,1
-4.872040293338312,2.885864616688006,1.0228961136751535,0.5857311320447582,0.1733242971952903,0.6495829075692113,1.4265561313074433,1.006319414806497,-1.0682434370603893,-1.306742228972355,0
-1.9260093092364128,-1.0440320930465572,0.1053789162214626,1.826685887829849,0.3927649856611738,-1.1094258638277337,-0.0399973386322384,1.088972030014046,-0.5539872221576493,-0.5543950245164567,0
-2.3027939682968426,-1.216983739497138,-2.8433002561564797,0.077064133026093,0.0382520842625417,0.4653844334457498,-0.3532718984263088,1.1864363144902477,-1.8436551198393127,0.8508391873449768,0
2.0271134118511456,2.689504150229362,1.758459173789599,3.440817024487082,2.0595185612298983,3.929641029232651,1.3930242335646803,3.0700089950210394,4.215702640490836,3.4498345330251725,1
-3.4336656658195714,-0.0224645658139823,-1.6843691149070907,-1.49806562123865,1.765690693132003,-0.1214136922704222,-0.0583668355229341,-0.0598652789162434,-0.4885107594718415,1.453497822375686,0
-6.9888264584332,-0.8679698186945144,-0.3785637762882295,-0.8081847624752643,-0.2338010397954108,-3.385218427399358,-1.3946167549431343,0.3732918353715542,-0.595894410028548,-0.4444226078110291,0
-0.5178737726745943,-0.8969041570317504,-1.0960346390094473,-0.3565333536156688,-0.8449307733896367,2.8827424220294584,-1.2127884392603487,-0.4532276323549919,0.0706395157898127,-0.1319491592860129,0
-1.387729186374317,-0.3703892356470313,-1.6145415510186,-0.187996763157437,-0.5071119930690906,1.1935594609265394,0.1937467965458678,1.6204838338766685,-1.2986498992865505,-0.4261951328320628,0
-2.9645589074017966,0.8238157089009582,1.4328061547677968,0.552585714817417,1.5237709798011774,1.4278657903995406,0.1468957895316019,1.6673912353894913,-1.2397091397822246,-1.6351347259946631,0
-2.11471395374804,-1.5765251900999404,-0.1253157570955329,-0.6958813540453521,0.2642026996578712,-1.411517516205142,-1.2338451784904378,-0.6534411087801938,0.5283381429608968,-1.638638915208931,0
3.854785215098002,1.5485155265976696,3.126197456921425,2.9961779599104457,2.52722686557295,1.5078338787736465,1.3285120071786178,6.05751451855701,3.364643883846483,5.271387249857537,1
-3.370668013870864,2.501163070606659,5.23850057605714,0.9202115184619446,0.0649613502468853,2.002766222875612,0.8140207070156866,-0.0342267134432472,3.5485938749520862,2.646357074035528,1
2.447926764141914,0.125116824494275,0.4937812709150386,-0.9979858500290634,-0.3204861281036505,-1.8627137668594216,1.4793119871777412,-0.2218064645065735,1.529286921869114,0.5017839141209582,0
2.560980516960351,1.7251275291828936,0.3611663280214404,2.3381828785893144,3.02631607122651,1.7931507798786106,1.0252016501842784,5.3232047580316015,-1.545635331941947,1.0506753435178708,1
-8.067285528089105,-0.9103032542205848,-1.1069642730708888,-0.9532140862081764,-0.2040342442641595,0.2885920919209702,-1.410596772818162,-1.4234205770709092,-2.031435581264132,-1.0355292420872275,0
0.7270621354521314,-2.48204111004673,2.631566218487716,4.004526492543016,3.405079324714866,0.1917539292074805,3.659436223675509,8.292455833367157,-0.9072275167665044,-0.9440137671527212,1
-0.618161361994429,2.565655998749063,-3.0318510983152915,0.4370097695569648,3.97956786188916,0.0894336202295535,3.97035067628236,2.550067154219416,-1.3910409132502832,1.2542165147497006,1
-4.559155032375642,-0.9833127123898732,-0.3415005302441766,-0.65191457871543,2.3347040187239485,-1.8817890676495863,0.4665459883084885,-1.9457409810480928,1.4919078799865424,-1.7978752864703744,0
-3.4369372524423656,0.268482539500271,-0.5099773797016507,-0.7567912867322493,-2.73254297006196,0.9247513508443356,0.8590695688160934,-1.3888969353218747,-3.904845143308626,0.5078299305941698,1
-0.2881567981036446,0.6795402545547791,-0.8909001063356643,0.1868841257994579,0.6169228423094952,-0.2315658641209459,0.6525481540929587,-0.2594018600018439,-0.4745227862390944,0.75514620419315,0
-0.5524792441336067,-1.2524425088548734,0.1242288172035549,-0.5783094925836176,0.5373524751642471,-3.63068152730599,-0.0692420356157904,3.1973403775115226,-0.3803472904260635,-0.1763434082073999,0
0.8379907989858111,-0.415577103852223,-2.6083785961272508,-0.2553223632275331,-1.0419390860483064,-2.37781696099448,-1.5865352420979244,-0.2437125714443236,-1.5099891146865037,-1.4834375036553278,0
-1.122743496958862,0.1845278965409766,-1.6515571715314643,1.5065781467034016,-1.5134454867111478,1.4643009104407283,0.322571826738248,2.101412479879897,1.3167475774007134,3.1033801766934026,0
-0.2294064371691329,1.0567584720941978,0.2758401258076745,0.1520964550649894,-0.0750010737950407,-1.4125795718252925,-0.2718518177600382,-0.566808428445612,0.790577994497955,-2.4404539292021394,0
-3.2980744426019832,1.3735242299707917,-0.5710446868935932,1.5435019120373017,1.215630295729164,-0.4400196745829449,0.4725897499177426,-1.10650832628109,0.8645115417444962,1.7751184182780078,0
4.876410229854013,4.267996512380504,1.0357560546572966,1.297516981693534,2.5620575123114504,6.653194500838518,3.9542420019592295,-0.0601845020983562,-2.3973070286027487,-1.7131436189317522,1
-0.3162649127334584,1.9491351129532373,-1.9975757945943975,-0.1281750408493562,-1.1916820606184344,1.928575080297882,-0.5047313450588273,-2.453077352110067,0.7961816080376553,-1.2096815013024855,0
-2.973181749777031,-0.6200151896539521,0.6250789961046642,0.3299091842674402,0.2387815320305631,-1.7854240378450683,0.5150359584314975,-1.986546735768365,-0.5207215858126742,-0.5242144101521748,0
-0.569599637192135,1.5895466285860749,2.490296431291348,0.6567556771577031,-0.9818132405997532,-0.5850251494235372,1.0419236331554362,-0.3558886130796777,-1.4341579579782535,-1.683646970454893,0
-0.9266266151263352,2.4081153694133235,1.0652008817780851,-0.5425765994722453,-0.0932749239371124,4.753350665471143,5.874534672501785,-3.1257225712064143,1.928751370117541,-0.5672660991742116,1
-1.3759504381205343,0.7744878601543421,-3.4915838571043523,-0.6593120647250501,0.0536969954401251,-2.513969981212674,0.3385041780985084,1.893108780658148,-0.4419983551227308,1.0744197827139348,0
0.0498802504315156,0.1204017092662307,-1.2047429525776012,-0.6297903277266661,-0.3168324524584937,-0.8853820643619448,-0.4201327700782596,2.1169320621802816,-0.1957199221810153,-0.7177539564537221,0
0.6371786360798113,-1.3149646681060794,1.3192206405573983,-0.7663347115717393,-1.362059874542724,-0.9713019332420718,-1.293637614133377,1.1257548765819414,-1.4409731958833136,-1.5979644259010002,0
0.2338501842391351,0.3444844306366058,0.8329253616103823,0.052186387706857,0.4578654111066189,-1.5261343727503671,-0.134834891525325,-0.8813563360441145,-0.4594372135858305,1.1980694861685566,0
-6.550229366798096,-0.5974682034110509,1.0651950203738787,0.0851457014864042,-1.4681311725128574,-0.0471707049017485,-1.0011872767629486,-2.147899921564515,-1.1209930513688038,0.6401390438386577,0
-5.419998178189681,1.4753460294377645,0.220820223937591,0.8246350700913792,0.2339096102971362,-0.0693862431386462,0.2599615298498207,1.4292007602919283,1.5075937567746531,-0.1077017119118866,0
-1.920835409991911,1.0584953878476453,-2.019562485028818,0.1070832105222405,0.9773645648179288,0.215594234771408,-0.962741983472828,-1.0706468380216967,-0.719103789339661,-1.167487009157213,0
-0.4944800278627367,-0.491842267919205,0.0355616749176144,1.147339000611104,-0.6445356265164381,-2.688858984973024,-0.6855774403420863,0.0431873035239534,-1.2094893364105377,-0.9413767246828666,0
-0.9065593007751258,-1.5851248024087137,0.2052838002989048,0.277317975599086,-1.0364099225069443,1.281842032867329,0.4932528700712988,-3.54602879163442,-0.3887693576260644,0.7341834571942845,0
-0.673829792672924,2.6750221655898514,3.4780956247156194,0.6724300933371485,1.4520843909847705,-0.090803998692896,2.2196670854006952,0.1179503695681278,-2.47517091738245,0.9452325290999424,1
2.098478717695172,1.681637487749351,0.6549017077140453,1.8582677470158009,-0.7841023933254236,1.89884885287382,-0.0641742750427596,1.1561688789162077,-1.273286539212558,-0.3543620500071101,1
0.5360371100827628,1.0793393794880572,-0.4072456940999598,-0.1962826314721665,0.6886508641179399,-2.5367476110554525,-0.6693046297153231,0.2024200908321559,-0.3184834086990764,-1.7414195916150157,0
1.1579379501379874,1.0367215042683158,-1.784202266831589,-4.854092710401353,-0.0572515146813823,-2.2624663920082635,0.26876893235678,0.1053146158158897,2.910095595577051,-0.071297947436514,1
-5.774345280338999,-0.6417234592294312,-2.015998809333414,-1.6375639182331096,1.997395830272361,0.5263020809669293,-0.4341711456707289,-0.3054659120101259,-0.2649840335608406,1.4552575589240109,0
3.270072581493761,4.185109734754367,4.000416177038933,-1.6320157290608663,3.681651885714223,2.994910587384032,-0.8708390300393358,0.5944079599931853,-1.2222689836192673,2.3594072473386354,1
-1.4831059163671552,0.452131472406849,-1.4388683904560338,0.6526205950065309,0.9213356872300104,2.6765761448492853,-0.3543969497100297,0.0453952624513762,-0.711274093218553,0.6228906303317107,0
3.221126610350808,-0.6363887788055768,0.9807805248437352,-1.2859242915477425,1.061621806138803,5.299550553124826,0.3509463963228755,0.6813639260906547,-0.3459354919295977,1.275042483766849,0
-3.915112248617133,-0.0190565341793599,-5.386195658459048,-0.0323299065819389,-0.2062305443114245,-0.5888318443115388,-0.04116296227311,1.63405779159805,-0.732831173443452,-2.2879283165968243,0
-3.2775992084202508,-1.0883067105089117,-1.2124519462389487,-0.3204433039100165,1.366881188405775,1.26358788549263,0.5161416278069691,-0.9654159631241258,0.2129901250269665,-0.8936985788688618,0
-6.4267482356014245,-1.6341008737580769,-1.2001398859836232,1.4657437844545664,-0.5214885073860763,1.881005452174625,2.968309260460038,2.3065681132836597,-0.1855206443075759,-2.6074869398181297,1
3.213869966503162,2.281375570039799,-1.1188820580415315,-0.2396841749941853,-1.291093917550192,1.4535976740791992,-0.9485283204600196,-3.4966909110673923,0.1056949534149466,-1.4671720438110056,0
3.7526358196643272,1.0891931971254505,-1.4224295779577445,-0.5001321232072766,0.0966417834093082,3.4539699792330403,-1.0153087050999623,1.1604855848142646,1.3385785284346134,1.70073155824219,1
2.2680887039277926,-0.3266073559763993,-1.7822989706083323,0.4659677541886262,-0.2446367504234268,2.656100384256974,-0.0033883824045939,-0.4573810651649515,1.0239841611945135,1.108898528017154,0
-0.9539265667266708,0.8335656279284878,-1.0615902899504994,0.2439928445193591,-1.1825846968995943,-1.2784440265192965,0.4411568611107757,1.4411358126360618,-0.0603494987287429,-0.6284117544843814,0
0.3138268946587381,-0.2106903168099999,-2.3113184628372103,-0.2982900303891398,-0.4656121987434123,-1.6580060616061956,-0.3520530623411613,1.5582933782323074,0.623249005468704,1.3194768325263864,0
5.260077389764443,0.0705253623816236,-2.920427651685225,0.9034596459704568,1.0401817914288944,6.273671352909671,-0.2289570258603847,3.318841302955916,0.52912078798784,-0.5169469524700749,0
-4.996238061695614,-0.7245597070629848,-1.875065551143424,-0.460178222933612,-0.8498313436930126,-1.5038829902541575,0.203488116896514,0.1142738625746924,-0.7692787380220365,1.0093981523582325,0
-3.660300650876034,-0.8201215666103769,-1.9804904995813504,-0.4724092975359999,0.2534850733102757,-3.0826468694123825,0.0821845758865017,2.4562987980515825,0.3847339699491086,-1.3467575953754656,0
4.217800423592601,-0.4091313904830286,-2.012753594555268,1.3303208487699605,1.644649282892852,2.070042535926086,2.71385621241238,-2.2417581793700805,0.1448335353842018,-1.2268195848328014,1
-0.0588567832694415,-1.1009567141588774,2.2499756322333613,3.224621405801765,0.032173819993601,-1.125099602868189,-0.685626540948312,-1.649229956876339,-0.081140110697028,-0.7718026968315511,1
1.820201639703226,-0.0436835997510351,-0.260585303823964,-0.5478378310475606,-2.279476953454547,-1.2029246977668986,0.5519090292233588,-0.9926271718694242,1.9556157656441715,-2.395216437893665,0
4.829366408429591,4.188329520716558,3.0724030589830784,2.2513778481072046,1.261372439453167,1.3496836521956097,-0.5845602249579129,3.4604998980801023,0.8397486843918212,3.0036489429966715,1
-3.0920409488486715,0.0622247352714018,0.3559904885633687,-0.6108887785196698,-1.3012079379809296,1.9583731069086503,-1.4442304471155512,2.6605150888440474,-0.59529061276548,-1.1747981666439875,0
-1.272115181787809,-0.2222218775552762,-1.0297458157242418,-0.620351549538614,-1.5020890133864224,-0.3483559270265892,-0.3126854599882953,-2.086623090154211,-0.400119995442259,0.4251103861727565,0
1.002124477729238,3.449784635059129,4.717749928889594,5.253122797481484,0.4403405686459435,1.8272607094942133,3.6771109685275545,3.1353985498567614,0.269238978659156,-0.0485325723597325,1
-7.115476844904445,0.4241389255784469,0.6120920582279687,0.147578045760194,0.1766503555734752,-1.2158676066963854,-1.0354008750151549,3.431089810724891,0.027989333384661,-0.2064360181102786,0
0.785492960208654,-0.7108352007948352,-2.331907791907584,0.4177040100676026,-1.117765148008265,-1.6619090010718625,0.3337197841681768,-3.407522662742838,-0.9146843007354608,-0.8789628144527335,0
0.1939445309727618,0.4606251507513939,2.597375331056955,-1.1481612305497149,1.176072174692702,0.2559320358327671,0.685975066890136,-2.869045522564545,0.4186091760694955,0.0571693091086468,0
2.855455526081124,0.9418299282155352,0.5578433687119837,-0.5725446154433214,1.781006916672843,1.6574991162459458,-0.609384184753207,2.4053378228039213,1.1428013386896432,0.5625748874365276,0
-0.0713289212724266,-0.0266004393660481,-1.9806240851879464,0.6340458255886751,-0.6582149177552128,3.1241711861507726,0.032159507244317,-3.057297952948595,-0.4786980807085103,0.1197914766240112,0
5.587899311165704,1.0389732336246946,-0.8624443642503363,-0.8740369668676534,2.397295531046625,1.7183557996469592,0.2321247934241349,2.0567499578770487,-0.4018567736643875,-1.6384357809701433,0
4.2260907989838525,2.425197978456349,-0.5548491220949308,0.2977035512888668,-0.7481987998215516,-2.0030660575896,1.5637341607808726,2.158660897351221,1.3190243547712106,-0.7586828074948005,0
0.4490226857984121,-0.3578273018674374,-0.4238819369312759,2.04204379180302,1.394867491516982,3.323540150286983,0.6580232082974757,1.4162835990179632,-0.7572073740115611,0.0950419704513834,0
-3.605429619629709,0.2779638805498544,-0.5547670521517769,-0.0934766690205329,-0.8312576405186893,0.0338668834944883,-0.7632168561522317,2.1127913186969005,-0.548744770568214,-0.6303053483567562,0
2.1689260208770884,1.2409109889072956,1.157709178830391,-0.5889860940180682,-0.4736241862621084,1.9083303185231049,-0.5294409748870537,-1.1712802868723284,-0.8257849370651638,0.2341857967557278,0
2.870421974183539,1.0298870602362806,1.3869122138592915,-0.3297628861259591,-2.450079876865658,-1.14128126370744,0.375682833457141,-0.6892404751782382,-0.284522257278732,1.1279290887991578,1
1.7336180406069652,-0.1817023601832718,0.1676873940163367,0.7171754544292301,0.6176572789208812,-0.7271169811191789,0.7153786675527981,-4.624228637639924,-0.0952004562899314,-0.4756992385384118,1
5.342947620234408,0.3344878326918634,-1.1015964787961536,-0.42812344389257,-0.6965645769679327,1.4261926806067011,1.2916946497424926,5.020949484694743,-0.5187931765220362,1.672267202479838,1
-1.901201355226711,-1.6854449696433482,1.462178290986886,-0.4102755795976107,-1.789862155832614,-4.180427207652639,-0.0285775762737526,0.0950640403396323,-0.9040329849319316,-1.9003385688669037,0
-0.7622457971745595,-1.402911342774506,-1.2428222402217328,-0.2468038400303352,-0.3087849186405388,-0.654475386560905,0.6637007069029206,-3.172112014114417,-0.7469462541827845,-1.5639844713322837,0
-2.5590446265714584,1.817574264497259,0.8649236684770383,-0.8048968340741817,1.3586009825778178,7.659569530673318,-1.2294705373789625,2.40219669392374,0.7233752041791579,1.6497339889517666,0
2.725990623273069,1.35397905838246,1.0637870448873894,0.3632183545258944,1.6235751529205726,0.8743961315837084,-0.2901044827020878,3.9766872756261336,1.2971895880663082,-0.2698864604984282,1
-3.0825670694174607,-0.6796093412197832,-1.5771183822872674,1.247213374237503,-0.8304822192185487,0.6623379855263501,-0.0373176398365153,-0.6587918769906138,4.09330080653041,0.2444893917682713,1
4.88041960771549,2.44667101372172,-2.0062213180700548,2.8132224297992856,2.7159712595480108,1.4497444734177571,1.2789162758856258,-2.0032372583393263,3.8700285223812,0.2727430830015478,1
-3.5071954440193496,-0.8374769231677905,-2.436551777137641,1.0209165982504689,0.0842466568793761,-0.8598796755178033,-0.5489658168073196,1.8261200192147689,-1.0473004178402603,3.5801026403548737,0
0.0609881007376178,0.0611950157444923,-1.9040106362523608,0.2958003562311586,-0.1293107295479384,1.0244407102545696,-0.0639526946050094,-0.3682336864993202,0.6572811672549529,-0.5559788668469796,0
-2.769895247277482,0.025497419081635,1.381099985711388,-1.4597656180452518,0.8910252841122218,-2.0461277443321717,0.197710675983866,1.693610332696788,0.5976459417424341,0.4256491135665997,0
-0.1858895264321389,1.4824023384965883,2.218094448670434,-0.2864405466754316,-0.4221648872507364,0.3667375767166369,-1.2879125732435412,1.106455930282642,-0.0404625546422057,-0.1147588890200053,0
5.019104250896353,6.123209837491538,2.3606595147463354,2.891963220884023,3.691963392041224,5.771796460803281,1.402459965191273,-0.8972967216981771,-0.1753411818102135,4.898556882432504,1
-2.3849828161086832,-2.3977832406751247,-2.919236879009004,-1.8919970814976013,-1.108271352203879,-3.417984590835443,0.3304760247707131,0.7159648767651874,-1.84791477812218,2.380099514914802,0
-4.903922201600225,0.9975634782809736,-2.114914797272646,-1.084134402969595,-0.6250104402744124,-4.790286661458211,-1.4654060988136808,1.4625224041609797,-0.9076956160909484,0.0804529153541595,0
-7.9135389264106415,3.391272183082915,-0.8152317208359557,-0.3404093616455335,0.5137378052696295,-0.8719948530173454,-0.9727713045742272,1.4913270538173644,-1.130013708548691,0.9469311311455368,0
2.950858646492492,1.761274992046451,-1.5157744742551216,0.6390689559177954,-1.7872581518602788,0.279043864814443,-1.2115421707455607,-0.0491977573643897,1.1875367149566267,2.225454545739508,1
0.3725365634151862,-0.1018357617326153,-0.3476864841529763,-0.2725948849736161,-1.2058304902889985,-1.5635922156659965,-0.8089061850276493,0.6705770517693127,-0.7088132861263907,0.3429777915819715,0
-4.17775650815276,0.7536130908107357,3.2859373921251422,-0.8141738123555302,-1.7102912439880973,-0.849003207401411,0.3758848285651195,0.7255219292907161,-0.0818283152553734,0.5579711741397184,1
4.757667499270616,6.962565919940264,5.819803622989704,1.792302494091548,5.608291719632028,-1.556201813317603,4.845061576473775,4.003989707978217,7.68284759908432,5.519979046560829,1
1.259423606555505,1.5015279693597452,0.1805967749056187,0.0920767829142916,0.5341585518490488,2.1436999439055,-0.7163871176270974,-0.1894284830031675,0.1510582960141632,-0.1902339727157453,0
2.6107067806264306,0.442369179821256,0.1320735869672695,0.3349292769108982,-0.0815765750659484,1.5105283412361947,2.050797749104138,-0.03344689448364,1.649382275072377,-0.894534308020713,1
-3.3046085741873497,2.4463713162837184,0.1785829519923137,2.845355537247196,0.5429451618942668,2.7837367982363914,1.7212047885561792,3.676589604150487,3.041738919299961,1.776562823845562,1
-3.206656554598219,1.1430848799894635,-1.167622805428128,6.96941277785632,1.538951731912962,4.338961297838337,2.4349228636274884,2.6183167690662863,1.4349486314318574,-0.3704093949811609,1
-8.114266493021486,-0.7646999826144651,-1.0073894180947978,0.964736873055358,0.1757662008672934,-3.4306871981745126,-1.3155454904295774,-1.731548283758557,1.148023616338285,0.154695304025094,1
-4.676741311677571,0.069976100652146,-2.4364455091205377,0.5466687868246101,0.6339833736723817,0.4033709189828925,-0.0122392963305916,0.9703266151126766,0.3582328389346779,-1.2483271229143802,0
6.581880228543469,1.293477778389048,-1.7369695948188766,2.7570413651922,0.7688985309386388,-1.8695730782051616,1.8964971544849747,3.880397892707048,0.9594258270181452,1.5966494136776757,1
2.290946636286474,2.248650289487866,1.7713389141226847,4.384688581455918,3.462241178401798,3.1259458167434206,3.8558657644941614,-0.9723335145072556,-0.0956737994634082,1.241444363279779,1
0.1802237519202457,0.3925065369178681,-0.6018213742854281,-0.0812363025395683,-0.7686752159236122,-0.633695241673911,0.642978280961259,-3.479184477651609,-0.6492284370764352,-0.1138287662801695,1
-4.032048490476633,-0.0442644944793914,-0.9626835923576144,-0.4361561972450745,0.1755598827368278,3.589148606417357,0.5716758073753346,-2.156341873109721,0.8786479328631115,-0.5824567668974712,0
1.872353091662628,-0.1374270050129449,-2.3560146646353117,-0.2220751792715367,-0.3124266459022272,2.238647698394745,0.916457309394097,-0.6957219223483139,-0.3437997996002067,-0.3807655986334387,0
-0.6763455812517349,0.0348439883465268,0.9075795224270772,-0.3070469416236809,2.3166283620437613,-3.684410652172176,0.539178170271396,3.6909915760262937,-0.1048076713391409,0.5917672976255476,0
0.7988339703237632,-0.4056090410533096,-1.9069203995468884,-2.256195117036546,0.5631570877051033,2.3728977111888536,-0.7584720156036184,0.9937165736158484,0.3443138533704664,1.2886947014094745,0
0.4812288835071951,3.657814755863317,2.297461218496532,4.605949870946742,2.6401097410994327,2.588362945613029,3.133572788962274,2.9333974031227728,3.333626090965618,5.147391953309201,1
-3.079006547430623,0.5592335054073696,2.9805747304063845,3.1707091637138145,1.145297265633055,2.7896130518455857,2.88277315898286,5.727939285031989,-0.797229902816686,1.0724767464985183,1
-0.2108214377368915,0.3081474172882116,-0.1437122165955127,-1.112598947025172,-0.1741905732051352,-1.157765315936495,-0.4443892198084159,1.052460751262229,0.6947412275912946,0.2532493693002035,0
3.6195149443578822,0.7489291851392483,1.7942093791159774,0.5600359450493289,-2.446544027642719,4.1291325640540215,-3.3543160884055827,1.9561720014171955,0.7608696987932697,3.2302316804814817,1
-3.094631909400786,0.8163071871123404,-2.040223907017819,1.1746310280910426,-0.8699977581117494,2.191499094129112,-1.172030536602556,-0.9730577841214364,-0.0788517387513251,0.9406630364882748,0
2.2994568982945687,0.0661038801000765,-2.2911884235110733,-0.0196423374045496,-0.3181803012822785,-0.1971982390829285,0.7055500045863944,0.2919742451166021,-0.6859371060687006,-0.6632112384772022,0
-0.434687054825587,4.611102299291461,5.284017949380989,3.530998889063768,1.8786464748292624,2.921318506734528,1.416370601543426,0.80642709759094,5.602043899811644,6.128839171309458,1
0.7375328436646447,-0.6739677736080509,-0.8566715946459228,-0.407981675044458,-1.2445047388576067,1.1068016038257575,-0.0939610668476234,0.1706064317487833,0.7813745259262578,2.3720171375922177,0
-1.6512960500159055,-0.997255912186522,-2.490681651413617,0.6944689748797237,1.0751182025753097,-1.0091096482976727,0.6868825020505782,0.7049058599835782,0.7800321030415686,-1.5163802156231094,0
-4.893700544764245,-0.3986994829915137,0.7356846529560028,-0.5039260442137667,-0.6851349573367438,-4.507263457716571,-0.1871395886626617,-0.5634583526627343,-0.4911479687562551,-0.1413123108620107,0
-3.149492370229144,-0.6659491756025651,3.1620903574929637,-1.206424170809518,-1.4384598730417557,-1.616075927895078,-2.099735306475959,-1.9408050306707088,-0.9175533447785624,1.5974581943276116,0
3.711491221257806,1.692771488876911,1.8072659132028923,2.926375817221043,4.404424069626673,2.93912966721916,-0.0258290817589494,-2.5563447928299388,5.34462258416181,5.232517589645872,1
-0.3223814829970139,0.2704016534387039,4.025302515094515,2.7511291465021683,-1.1588680546563417,3.124743819657109,2.2400904765819263,5.060572721179054,2.0960148438346917,1.336570677612906,1
-0.6537706551406379,1.1885450051421615,-1.5848097199818654,0.2735222389365467,-0.7207289201321341,-1.2119342714983656,-1.2599007090741683,-1.057383727840678,-1.1747887040998677,-1.1623464985788383,0
-1.83386989142382,-0.4072828613376313,-3.867780085900242,-0.0096535840258492,-0.7313687305459677,-1.6287220576130244,0.4790483350630698,-1.041799897656074,-0.898766915582582,0.0388213045867268,0
-2.951159851876702,0.356328000820319,0.0291350138189939,-0.4919202423730191,-0.6991814948144701,1.4506394692569111,0.7594423866703672,2.8876757788569045,0.2402751884355047,0.7459116062807929,0
-6.849795189464641,2.244436036558853,-0.3272729239860836,-0.0341901044690911,-0.7341449349696911,0.8702609817325104,-0.3595677608739223,1.4681880014804585,-0.4184281044396442,-1.640451919867702,0
-2.8726713867110134,1.316690522741779,-0.2352127440135532,-0.1987074292967135,-0.8052413457030637,1.8700005797846728,0.4093996846349137,-0.6639970291160094,-0.2640722862703524,-0.783880633458639,0
-4.538013917624456,0.9823420363927292,-0.9512317458481973,-0.9698973815079428,-0.5094508949817157,0.3369517743447342,-2.029391503531805,1.131628109481295,-0.6111104236199596,-1.9247815238180752,0
0.9201634017071496,4.583996557761413,1.090107600729976,1.999302604985953,-1.9262952778280624,3.616824273744535,-0.6626940719338039,0.3846591550024671,0.3676439973222678,2.575862102044347,1
1.6282845366298584,-2.654497217404121,1.3962666926899916,-0.2794133301640928,-1.309673873298015,2.1291906653690247,0.8159741907558629,0.1929346791476724,0.0764342064436678,-0.8940972135760429,0
0.0036495726230701,-0.3502674577813784,1.7651623261750071,-0.6019887547800048,1.6436528405238402,5.885513757437943,-0.0981818522503182,-1.4652523689242725,-0.192387946963077,-2.149426381916077,0
0.2086664579101148,1.252872006585314,-0.0013656573616132,0.6786164006018183,-2.372892048873931,-2.466294787431204,0.9401590551540132,0.7360280719826142,0.8528805991652387,-1.7210716776892874,0
-0.1811067398374931,1.4907989621433224,-0.52521814906014,2.689770527229941,0.0385084622894871,-1.41490622465246,5.448752817359386,0.5308247435935612,1.7078305906859823,1.591298713827631,1
-3.6757734490313383,-0.3894077096290281,0.3733809288932737,-0.2864100790764315,-1.137206735806911,3.144756614415141,-0.7182348981705341,-0.0054978771236705,-0.6952279859294941,-0.6410859835520748,0
-2.5141676519783385,-1.0188937573822052,-1.876832546858648,-0.4136884625794895,1.9866380713930365,-2.316206927408502,1.0372756360773538,0.7217973266132575,-1.0070298447206545,-3.382725761761078,0
-1.39793515833585,-0.6462755839383933,-0.9787381981489308,-0.7382991130433829,-1.4420517680797054,1.6406945319643151,0.5229130201820502,2.6719666817353462,0.57708370251983,1.282803070800273,0
-2.256125469121101,-2.116272867611284,-1.1456363164780772,-0.5200071439307546,2.4182874194059982,1.4529453635000995,0.7329193707514658,-0.6423157755245015,-0.8483775730395874,-0.5155272577841763,0
-0.5290361617819319,4.315207983715873,0.0557025070570027,6.205846551152382,0.9195468947663912,1.1096881309079651,-0.2189550642815572,4.136017435923296,1.362569340069765,3.782996203559892,1
9.965744681336172,0.7424407629984842,0.3520496525027913,-0.27924388909208,2.5293019862420896,0.9068373217690314,-0.1387350361561896,1.0200427494915645,1.2581471233768158,0.3825996761457455,1
-0.2675821639587272,-0.3574308483546937,-2.519684944893408,0.4545424136286957,-0.1449663542425045,-2.3805024185893338,-0.9823589111401996,0.5352191463835565,0.4936490723127044,0.671727524127239,0
2.778974155702995,3.644347512485637,-1.1600601169442035,4.539189917643597,5.868095120982516,1.3737262770199758,3.9265507466240654,0.1663807928087104,3.61173142799929,5.0374269065837485,1
-4.6643973091597735,1.303355659794926,-1.5425098908544397,0.4729079676658545,2.2603992392860097,4.925003423555371,1.8092885995152848,0.7629701306528586,1.3370056308175249,2.9745070952438266,1
-2.0920682080977917,0.3045584517873904,-1.0997094972605244,0.2212094335042482,-0.1921581118190341,-3.6755456513948905,0.3071591498364752,-0.7908346904469399,0.4244622192800354,-0.8948129988783642,0
6.367422633795004,5.478969636068998,2.269614780817633,2.8915386698541345,5.501153134471519,-0.3795528972166644,9.954414509053462,4.471347708529287,4.042483508722283,2.911063829829636,1
4.893424837889747,1.401335345898618,0.4940985594806186,1.9052631573779013,0.4866730495446582,3.628842270602261,1.7116120042326397,2.146384598196965,-0.8809380976399912,2.204588619909733,1
0.6612563118878805,-2.285020191020221,-1.3202620233527558,-0.5648818671175312,0.2413434434936891,-2.011162346093263,2.2298117321549538,0.270260883303385,0.9454810382432784,-0.7447947262227675,0
-6.5910513838699645,1.6703949366313502,-1.1033142689575932,0.0240754170171473,-0.2198869451317614,3.774046373396149,1.6823620949435951,1.3032048044290787,0.4950280140475345,1.5487382660918554,0
0.0441869736907885,-1.9194447619249249,0.0213263185879584,-0.3887207843640173,-1.235511881049144,-2.040723409049651,-0.5897080456279595,-0.2465826622095849,-0.7362907086777037,-0.5912264628426328,0
0.4822505398868595,3.304859828661,2.141458079021241,4.513995928614278,1.4331051883907189,-2.842873524304962,3.5629111765402293,1.705257762571254,-0.0013554083107125,1.6490961327642644,1
-3.620965457072072,-1.486319840115192,1.469192293164717,-0.0633443790405155,-1.1432660560015395,-0.6653301074283717,0.3229351781565521,0.6457023511240356,0.1752682881505341,-1.278193038073473,0
-1.9326411103974872,-0.7366899639047088,-1.70320654945546,0.5379485520478431,1.2845778483336034,-1.3990172342779743,-0.904546909013106,2.175505148180836,-0.6311047268116785,0.500051717703915,0
7.176425157892101,7.96215998000504,0.7675110732866037,3.3860445936767265,3.678125749215081,1.3663721386408807,3.020297576236996,4.202202205194894,-1.0494430494452989,3.723162139191437,1
-4.096702344481512,0.5603236297717378,-3.247901067633188,-0.0038374670360176,-0.2855044298122849,-1.6639023917660574,-1.3560242043123116,-0.6638285269822309,-0.6792621400445705,-0.3163898453842202,0
-5.021817993747408,-1.0324398701095234,-1.5557215134712443,0.3951336404452595,2.545753260548428,-1.2875442198534364,0.0850709535632578,-2.5927477390615574,-0.586217615828377,0.3390156785339366,0
0.521647580817604,-1.5531889081943888,-0.1423980590931847,-0.0391607243865569,-0.1596927825528774,-1.0627725825593073,-1.224241663490736,-0.6221174316059757,-1.1325994695752064,0.400881086374638,0
0.9648707077751546,-0.2846760019786929,0.409861726078391,-1.2655485315841355,-1.1991948414583309,-2.377513965695542,0.1923415180525092,-3.7076848780533793,-0.416235500455465,0.295475775704623,0
-4.472075770336038,0.881584601057769,0.0750635847427118,0.5158919918066237,1.9767527450991904,-0.3011563463844378,-0.3462326359015992,1.9925308402587532,0.0856958253855636,-1.6862433376662664,0
0.0860463834244265,0.7441588066810867,-1.3366111267736709,0.2728458505564107,1.7041534170189592,-0.2891959159597409,0.3971722543163529,0.6549371528559217,-0.4059300767442201,-1.423395512893432,0
-4.510954872640846,-1.7249238637704356,-2.4250824571277088,-1.2094921080762555,-0.9437897617061888,-0.7556989443488553,-0.9812021340878132,2.170997536913598,0.1761136777882547,-0.3260950853643311,0
-5.073914178338001,3.623449816678419,-2.0500673750015967,0.9656130458657078,-1.2324841686604566,2.423135347141815,3.406305743086945,-2.280569875918963,4.153522824310612,4.108447517026395,1
-4.813605848634605,1.1817062907545983,1.610369442102454,-0.5020185192618083,-1.2432175632933762,-3.040813686051587,-0.2576391797489519,1.6088016040554838,-1.4095632450020654,-0.2180418358265187,0
6.572317937037822,0.989907281493478,1.707754928028971,1.1366204996591724,1.2785140070944054,-2.3668701441540776,2.131168215098544,3.065645291162655,3.582980407663257,2.256340483536922,1
-5.527096545415734,-0.8182343696138017,-1.054773438125293,-0.1263497548291089,-0.3677248203393699,-0.69241681206957,-0.68670334445865,-2.53723857687521,-0.5372384009739342,-1.861239582036604,0
-4.862186024417431,-1.6116991236561085,0.245664348600636,0.7000021504202094,-0.3898411156438003,0.3167479190652093,-0.8919840510364865,1.7279772282992718,-0.6343036479816773,-2.0234717445923307,0
-4.264681111929426,0.884540042003786,-2.491939271442128,0.3640372210986048,0.5600863435984289,1.582417160779046,-0.1404163894179798,-2.8883878979963127,0.4357528731281981,1.095997330106706,0
-1.6767080469682445,1.0505103919687335,-0.4491051152123911,-0.8925732429000981,-2.160762864275132,0.1511119399153397,-0.4587612378662721,0.1675596525625767,-0.8903862776441517,0.8516538396088551,0
-2.57132578305008,-0.2240626830801722,-1.0105081545951986,-0.7396606538711941,-0.8593367565182589,-0.8850109759295767,-0.2263785527475693,2.619255840219823,0.6876534070354703,1.141364220830417,1
-0.0535339306782146,2.233253655472333,1.0588052547264688,3.47859160525661,4.666884970447611,-1.321610712730136,4.007420571834753,2.0614480358913827,0.6190656634082516,-1.292405940624577,1
-1.5127551050403916,-0.2159318381329835,-0.5476566199845403,-0.2133950018515752,-0.078628656102924,-3.022646417337898,0.276552565166569,0.1869682140276896,0.4620437676102099,-0.0133121096643133,0
-0.685296219884132,-1.5752443366233873,2.025292010690925,3.3309969088588987,0.7208862275258882,0.3681568554982313,-0.2868276704347596,0.5599554478905253,0.0804147933347926,-1.9205966017609095,1
-0.1889323998598149,0.1874655803012192,1.3607510600584112,1.744902645512174,0.1597175755235826,-0.4320854161517314,1.039840062897886,2.4294754182813443,-0.6168433269280303,-0.1240396579828583,0
-2.321531502043541,-0.7684218262193487,-0.4151817608519757,0.7350812086443383,-0.8961298674048674,-1.1749011501794386,-0.4312145289833081,2.5863699866231,-1.3781842641283313,1.558800132224391,0
0.7524813983261578,3.203172161761408,8.403806735534037,0.2850819999502978,2.5216296657937702,1.066368386162448,1.260035087517239,-0.8173950987151855,3.509059704410003,1.6549869077321735,1
2.2451267434669013,-1.7543844387392546,-1.9373835106329629,0.018674578287052,-0.7935975671920718,1.8463134706744184,-0.8116581457723095,-0.852344254930287,-0.7129007347767837,-1.8815752913271808,0
3.024360919487997,0.0937487626236398,-2.193438178348206,1.6302514740066956,0.4132757171306452,3.1701449817416245,0.8759239871793385,-0.4877690993206787,0.2432519812581261,1.916681228875843,0
-1.079280711664418,0.0751345868302668,-0.4532642182468733,-0.3114606818737419,-0.8767446632154989,2.3623606965717023,-0.3356275844206851,-2.525888352793107,0.0057584475518624,-1.4813868141788933,0
4.494414330868043,0.3526039703969801,-2.8365519357245104,-1.120782601309786,-1.4617151305125216,1.6270797953806313,-0.3937660495440668,1.366342893371436,-0.6016947460707822,0.9222336941536242,0
-5.131422014326353,0.3800858744997031,-1.2768029123286089,-0.3984461518391713,0.0504595910357106,2.826651015780163,-0.6270923157687593,-1.524710085135429,2.451990747842938,-1.003244236733583,1
1.100026219771567,-1.003923925261205,-2.1351816026549644,0.2028441234976211,-0.5661835940773984,-3.6377365596825095,-1.2301772020271136,-1.0843280416202017,0.5832455304642362,0.2914668509579532,0
1.6609407586587526,-0.3398895297085769,-0.1662888358112594,0.6552695237700846,-0.7558196744878173,0.0077544350572029,0.4884413170735374,-1.944128116422751,-0.1030353993751064,-0.3134273890174626,0
2.4521981616159563,6.460591841840555,-4.4332345573797625,2.4308410561869565,0.5442345635448262,4.437754816027329,1.010486996315448,1.049717698883136,0.1689116044110279,0.6577801232561001,1
0.2702475019846941,4.492339394189239,2.777124631761247,1.7111937984796244,4.442976506750515,1.5146660205158429,-1.753905541375349,1.861383661960993,1.3617715698088717,5.093397231821315,1
-2.6369149885611733,3.002650988279319,-0.2528206327008535,1.7730594989272346,1.391849147661223,-0.0719925974723656,-1.498228500443131,-0.937363343293162,1.1198005820747237,0.1414197112998983,0
-0.1903265709054729,0.029506041138444,-0.5513725247431991,1.699640081270868,1.6772841955858464,1.0572781023332387,2.343156541764355,-1.2828668130196403,1.2856644619500426,0.974650781693256,1
-2.883793527108483,0.3725427553572961,-1.43884455541598,0.2832158715068339,-0.9976780613719202,1.8594489147388715,-1.5094139521768497,1.8575876243275604,-0.3959291669736703,1.5054958214673682,0
-1.716803409342213,-0.0140167689919753,-0.4424116203512074,-0.5040545286640314,-0.688673523604537,6.179431056254191,-1.9455502146964727,-1.5672866541191488,-0.0709664071445405,-0.6174554366074865,0
1.6634318403962118,2.5623273959814434,0.892118116319907,-0.0177638762714115,-0.008369106682034,1.4720853284490725,-0.7203070237121129,-1.929578212389179,1.1958561540283836,0.0083047982024938,1
2.608918015866492,-3.960940489989413,2.413922434697039,0.6970687781614835,1.7414387193778915,3.621376604680736,4.946428867327333,-0.0260922582130089,-1.007404501045172,3.733242974771695,1
1.3278406828653118,-0.7375263585125635,-4.523033108215298,-0.0881706584328284,0.7456163538117935,-0.6297224429978492,-2.025824023458403,-2.917102796163188,-0.8272623278139344,1.4358209554443682,0
-3.7421574731207152,1.5408796512807943,-1.9197449589105084,0.2446931585829315,1.6931715249756456,0.1932212930419962,1.4165875009624689,-1.0604287990825925,1.7580679036094349,1.358293586165764,0
-3.9833352697024704,1.4025910082799795,-2.345523543015329,0.7760317589783476,-0.3165633866118035,0.9307866363749472,0.2521899027101195,-0.2633249075059764,-1.3157444077730336,-0.7713529993213024,0
-1.9366115804473492,-1.733847301193714,-0.5816825879927048,-0.8881237651311977,-0.6299230664529191,-1.3945548559838732,-1.747255183458315,-2.7077754448539832,-0.2258583960115424,-0.7185390584323588,0
-0.3225317307613293,5.45292571633832,2.423396072899559,2.31009079635901,5.228708290994265,-1.4811055633202337,1.8516672186576704,5.140617080999244,1.935353239748494,3.0892092018152866,1
4.2297386899266165,0.4788233868327137,-1.6256699672129111,1.0003937262598297,1.6886915038482997,0.3943594561113839,-0.5839027552894103,-0.6386422124079585,-0.2005701291377963,1.0395569439469636,0
1.009851960397249,-1.0937351658676002,-1.0995862591854322,-0.3690616606691564,2.296789749335117,1.2036523985667158,-0.7693381581037874,-1.0370603716956373,-1.5021999793300391,-2.388527401293925,0
-0.0749659497734349,0.5429571546723584,0.0690060182009437,0.3497707414329296,0.0588886392178682,-0.0754815053778654,-1.0387968062888118,-2.446140697366737,-0.6396762284644605,1.0130378710446974,0
3.345893266968272,-0.395899820204944,-1.0428770048998337,-1.4854735478181669,1.0922110029108971,-0.3218664713857165,-0.0903104244082151,-1.8288824517135711,0.8640035608864438,1.0621205600976245,0
1.3354196198316872,-1.3927479132078178,0.3163692907466219,-1.413169614693165,0.072106373116055,-2.6377890237694506,0.4233116943381085,3.0659704718931287,0.7794886730150189,-0.2185920909856556,0
-2.3416910198182546,1.1627751149687973,-1.0638609834054662,-0.4006290927630815,-0.619301645315511,2.0635315242075483,-0.4233562955514905,-3.1891381839392667,-1.0914441626532676,0.4454801829239724,1
1.9801560103266385,6.960789368052399,0.7646203923632398,-0.238715645889372,4.564398677438605,1.0393722969528074,-1.639962915289103,3.385608961854598,1.25271117430948,-1.0525770319359675,1
-4.131933777732541,2.2555057703716286,-0.5913034045166905,0.8362398955641617,1.5053557091322298,-1.1887217595933308,5.292894425287444,-0.7675648347751719,3.102727023409067,4.371992554995325,1
-0.1781616653228868,-1.870826329253144,-0.3639384787744137,3.4015658923859484,1.612633015804798,2.9747812703065897,0.1696011969024206,3.458792582840949,-0.2392741693503497,1.5040139711053575,0
-3.0985094475982238,0.834358946469195,0.5388917562895323,0.4962670695171579,-0.6845177838563652,-1.4079808555610074,0.3699648381872782,-0.2461946188333021,-1.629943435219256,-0.3771858199297773,0
-5.232396559581936,0.1636587758663537,-0.4472667771345757,-0.3308328868578937,2.6763185107703773,-1.261771516653836,-1.0290855635876095,-0.0999027908332817,0.6693257084086951,-0.9240279829657064,0
-3.4795488895259075,-1.0821684950820352,-1.0977320878978711,-0.2320130112575318,0.476823332164779,-2.5133889863278136,-0.8075233460336297,-2.117955421225151,-0.4684178354383063,-0.064197763718355,0
0.0086906229693719,0.8456628406089879,-0.7692520919816737,-0.6169257058055054,0.1488453677406757,0.046760769595678,0.2644630176836495,-1.071220527816867,0.9526572226176048,0.0397437337159526,0
4.424896307389646,-1.134613348864258,0.1359116281039624,0.7200019862717864,1.286108939292606,2.1536137969357583,-1.1008788622410606,3.5230677915130006,-0.1778523750623226,0.1678420710369099,0
-3.114156094172708,0.8878985776858824,-1.3798889790970217,-1.0225784443543713,-0.7275083630704797,-0.5539275356550134,-1.8886254464623944,1.3104291416242049,-0.2219037153426777,-1.6829902471693186,0
5.8212463535075045,-1.1867648851986474,-0.0773855887601417,0.2796321742470444,-0.9966402351139916,0.6020347657090322,0.4986045544042667,0.7777921899978177,5.009642601089975,1.8088809012726816,1
1.838527789788688,0.4096271830077276,0.6802863528956165,5.856979693045316,1.1208416138949462,-0.0506752832328218,3.956805383516119,0.7863765799869954,2.469834964105993,1.6261026630533786,1
-1.827294401742381,-1.080058684200443,3.438994494548867,4.797369791985848,-1.2639269983595345,2.8311170573942093,4.649533173632418,-0.0934064914477486,1.1329550010000975,1.83939543471644,1
-3.005057002334601,2.0893159959290384,1.051719188118578,0.0449858969598355,-1.8359075909261569,6.160128673150615,-0.7197279049306573,1.4855400691333809,-1.2511882177689515,1.6696413907218994,1
2.726038035747538,2.0370936181603865,-0.7266345055755421,2.2563935294448942,1.0257179101042952,0.9035292690697038,-0.5086437788076721,1.5964270924999966,2.9940775695145656,1.7086391564978651,1
2.583065946830227,0.8040428166833323,1.6486962495096669,0.4023491854961797,0.0129591726506097,-2.5314703157907648,0.1185212603037133,-0.9237332571957202,0.2962120838484168,1.456204266626569,0
8.915592951122656,3.2183800156410003,3.460696522770423,2.216906543741448,-0.8944429818961268,0.4671534880106258,-1.5565604214895483,4.5887279182594085,0.179693645970337,2.840294367313674,1
-3.2103367825162934,1.0819342378223311,-0.733336224453423,-0.4181527323666561,2.032371138192829,-4.91634305623097,0.1038313946808207,-1.1110313926923614,-0.2834806160209999,-0.8030567289827446,0
-0.9864214811118216,1.6836012308049826,-1.889109197642723,-0.2997097630344343,1.8521164499973763,0.1795977195282614,-0.1254786120680847,-1.189485241211621,0.9308297474888092,3.300975108794014,0
-3.335285693503357,0.3273886324819365,-2.519137672986521,-0.6583660351759284,3.106750567717583,0.5020983723794443,2.218139976664236,-1.449078575650266,1.5705852189837972,-0.4473587619542668,1
1.4639569203925515,2.3318059842532897,0.625835490940945,-1.7248907370975424,2.0549026348340176,-1.1907224443580198,0.4119321443364995,3.838431845637025,2.9817029958408745,1.8853736518179995,1
-0.3744473384271845,5.384043095962072,5.988427377397688,1.229227742387989,5.748499703433284,0.2485042420739128,-0.0424663591227585,5.008576220174029,0.5897189613042586,1.4056200783049446,1
5.550697422095697,3.4368793918436213,3.89181456989509,0.9246699545475,4.8482408346224455,2.965751641502413,2.835837118615103,5.375060022441735,2.5910807368530464,5.295214889992381,1
1.756275649766407,0.6901480299187033,1.1679071281187572,5.14257704140268,4.398090171315271,-0.7140999356366731,0.5233472231836146,1.3707982020414509,-1.0442726409595768,3.4581996004844147,1
1.6484563377586638,-0.814433483692187,-1.314108879843245,-0.4400032028069774,0.7447132122905882,2.948454418778736,0.9562986657895832,1.201749627883313,0.4912021559867733,-2.5246792645957195,0
4.903417217358477,0.5708610072821163,6.181825303586953,0.5953275651300269,1.6430636848276987,2.1737393557778923,3.962687445167199,-1.0554554884564633,0.1610986170642767,1.586880798980311,1
-1.4539636049088789,0.6709431954016596,-0.8890550647015237,1.412579316000618,-0.2259141036544398,1.0241581219868832,-0.791265553404541,-0.1861272908326152,-0.4147798397834841,0.671814335942337,0
2.0660262707183907,-1.364679770932197,-1.254532187169641,-0.5339785999091982,0.1481997141817391,-1.152901094151383,1.479335968655055,-1.4698378020732314,-0.13984675650722,-1.417086855329916,0
-4.19788946860843,-1.635992250300775,1.9548074220721656,0.6251518360417756,0.4649853683298175,-1.124244172393142,-0.4823984429774998,0.909437894765813,1.3943505544732633,-0.9509959466671152,0
0.0245381020203778,-0.2766634495274067,0.1759068282021595,1.0478031574031617,-1.25310972174184,-0.4797009311134786,0.4515279596845027,0.7125464274111177,-0.5875624389222587,0.7843313080636807,0
-4.933422714832448,0.4477644404644678,0.256832867206187,-0.8460837183897431,0.2719341310296208,-0.6420900328877379,0.9761033301359736,-1.466806974583389,0.1775993362704258,-0.2337455659053383,0
-1.9781927365731344,-2.242192127514806,-1.1960247455691584,0.3480597070638369,-0.3692600035385296,1.485943763453215,-0.1005812565095448,1.929149337360444,-0.5318734880966142,-0.1430453041023275,0
-5.82796682231474,-0.6992038833131353,-1.5281416499587448,1.016134098877386,-0.6225175354138133,-0.5941912327057959,0.3320000722800141,0.654716362974476,0.194348416466475,0.041290887642734,0
-8.312456465588298,-0.3679167673582917,-0.8608519395272084,-1.6306226760214404,-1.3699443945102514,-1.4900194711939572,-1.6362581421020286,-2.253429379900221,-1.2172152807539856,2.8917615088697306,0
-1.1480435754853984,-2.2277186376398554,-0.6401473509087581,0.6056443304693913,0.1757738406956521,-3.476963119661444,1.3423765904118783,2.066881146097434,-0.9314642452797568,-0.6510411510773781,0
-6.590831309981022,0.1208599246765932,1.9140103450127484,0.5814307822818431,-2.281097632741869,-2.4880018937372403,-1.3266128686946026,1.2487745560961048,0.2574348066355961,-1.2557749122407074,0
2.9626187036596123,0.7170119819439122,-0.8188975240337744,2.184904551329997,1.7786187191019338,0.5893996001368318,-5.965910770474073,-0.6239825374008179,-0.649157664022938,1.485196743391894,1
-3.992866912288225,0.6282944453870857,2.592164270201247,-0.2626869975399423,-1.6672643119671404,-3.634341419205656,0.6376456741968922,-0.141011596583967,-0.7114887848636378,-1.392571620949169,0
-5.903785695704898,-1.762293494125058,-3.106234292765149,-0.2149965033940978,-1.5244949228467226,0.2285741931843285,0.0927379457472792,1.0034160074174976,-1.5214101308510493,2.036238809276764,0
-4.202438825046063,1.501885671480781,1.330961687086943,0.1282705426529476,-0.4155607949215039,1.031924612903095,-0.1037499135780891,-1.2331788901478644,-0.2993910941340083,-0.040254593141693,0
1.23376147942825,0.5518503659768939,2.5430494645206627,1.3880122971504512,0.2721966946617029,1.6765687404231784,2.4083839372407123,-1.0444037084267777,0.5606349699217159,0.9735257531200232,1
-0.4978874602006053,1.0401937445326417,2.630471388556012,1.915548124754932,-0.3828619404149878,1.3244927571827696,3.952208765954892,3.7498370270289314,-0.2475619440883394,-2.140579731410367,1
2.137155707450148,0.1823578914753414,-0.4309467412399529,0.0233261512864075,-0.1859246234056884,-0.3100917611749875,0.4596692840092143,-1.720330695917635,-0.2709447429587212,0.5390378212661633,0
-1.5160358127175595,1.5494084719651169,-2.7271158571040126,-0.7279207220971766,-2.216378292074872,-2.2101431181548987,0.4254981295350877,-0.2215312729572329,-0.046131387729372,-1.4547821221842323,0
-1.4531694084520923,-2.273218547653375,-1.689225689919304,-1.154443133202094,-0.0619057069137789,-1.0948233682382664,0.5674353849011571,2.089965953428164,-0.8013413219075712,1.730908758015166,0
5.335813213410707,-2.6495469180138933,1.002617409032298,0.3353824485672362,0.0322364989151222,-6.10733466553726,-1.036237378817326,1.169410517140553,-1.2001002894978856,0.5877885409339074,0
-5.49764753325697,0.2060102514542903,-1.1238573406192374,0.503590391723207,0.7111918770909709,-2.8195861550726757,-0.555356403084694,-0.3608861798370518,-0.3137157735571179,-1.4444144965195285,0
-4.543718067574969,-0.0849584871762001,0.5355749177871911,-0.2689536493693649,-0.4322221400320636,1.490903916015068,-0.7301311943046553,-0.4569510274750166,-1.2339279167854431,-0.8226802616988683,0
-5.389011216107875,-0.7557321770187221,1.543246995633067,-0.0287243399051645,-0.6078121585987195,1.181386182543342,0.5779040905009053,-1.541932740979556,-1.7769652621705931,-0.3670967339397081,0
-1.40080908559118,0.3773279524531961,0.3342963550631925,-0.1928430697263073,-0.4660737384429292,-1.423443079120914,1.0878478103554314,2.4139247269974646,0.899496080152173,-0.6451651195933499,0
1.1048987812559596,6.442940586394911,3.1987251270508343,0.9365499783072956,2.0660086013259717,1.6132314593885564,2.5158202208379508,2.453815413917516,4.888446487999541,0.6842469579796385,1
-2.093627029750154,-1.456131141407385,-1.1687449256487967,0.8185275452596927,2.5900256883388133,0.4081054168861024,2.03319107218051,1.3501165195007534,2.8503849414819102,1.4072289027161573,1
-1.8221121214237144,0.4981685519570307,-1.2963186192217144,-0.3475604535556432,1.552382959961546,0.5690851818019504,-0.0897441273939234,-2.02291065246806,-0.2973362083760129,-3.780048177068892,0
-4.087592213901493,5.668469941287242,4.54117881051218,-1.3895073850794497,0.0645868008107553,4.393744123381715,1.3249854161625552,1.962347483571064,2.541502486602085,3.121818988830741,1
-2.9965979591852787,3.0608153401550244,-0.177223404804544,0.3060024450888188,2.32988070392408,-0.3133321906154616,0.0134834908217358,0.6914103416452031,1.3197618639221542,0.8324753347168801,1
7.325672459067175,0.207048431208324,-0.2923701936007316,-0.163679944909567,0.2994489955443449,-1.792591619950795,-1.3945922214978523,-3.2612539438340957,0.0947134775040945,0.7992965734459611,0
4.394621024488131,0.1288366185944947,4.3513215702370704,1.8437235118647952,-1.6626930303295222,-0.4273792846649107,3.5561510848960505,2.8269782994264725,0.7332066063513396,0.7878338664896246,1
2.2622988944447107,-0.5136791306940596,2.093967500949728,-0.786054669469521,-1.3228777713209303,0.275597285984301,0.5805067633718684,-0.6333262468631553,1.0365119759971937,0.5288754618033311,0
-2.9798923888199345,-1.276083303564183,-3.311325463301677,0.1735321842170568,1.620047886976928,-1.4464315697504724,0.80219746580631,-0.8791000736919642,-0.1946741735327344,0.7499370124340263,0
-1.984817259921102,-0.8878448028983417,1.9413901016356587,-0.0382543487488633,0.377077388808316,-1.3752444206345826,0.2399086737077148,1.8407456789117589,-0.4264095621503973,2.278547024920445,0
-1.5467999264380592,-1.8616372818564544,-1.0289911962590583,1.7937022590582008,-1.380883462194382,-3.630790038690208,0.4404463507530949,1.5315062311746517,-0.8910103895060023,-0.2718573771708309,0
-1.0586261681401563,-1.4120423528229062,3.4971583071627586,0.1153847643899988,-0.335941631080471,-2.835369503481872,-0.5923756789948436,0.0737101430556532,0.0516751124724934,-1.0693849404304656,0
-4.227950463887598,1.322453313896501,3.2019442086401355,0.9964686597765212,2.364986771215974,4.740004582455126,1.6809936290124592,4.023430860699897,2.0225495828553703,2.5657829425512584,1
3.0289090507097267,1.1659844301076507,-1.6127591691896117,-0.3393796052172626,1.3152551927049698,-0.1579362463115782,1.823715298069704,0.9373222206103092,-0.6319041251514983,0.1722723591232193,0
-2.926554451571627,-1.4708885654541677,0.8326163892902665,-0.2175604574030005,-0.3105208461866268,-1.9086026238518397,-0.581207288819739,2.539459294836236,-1.264594533017764,-0.016774692343642,0
2.508363795306962,1.4778703629545795,2.3518765384906843,-0.4281065083216188,0.7853719301368929,-1.1193675238349683,0.696646506374279,2.229132067821771,-0.1734922138409446,0.2027860568763823,0
-6.1111561920944695,-0.9483427244005588,-1.326820291297081,0.0862083973271859,-0.1821296955386236,1.0910159009915965,-0.0674943297970271,0.2708130692035305,1.4353736998230395,-0.0633083893529951,0
1.6536206290511817,-1.4308384089194472,1.6353844525583252,0.8633749182745845,-1.5780056490169492,1.956763192190236,-0.6750518376040555,2.993980460697417,0.1402462914825631,-0.1603839119960423,0
-6.2693108886485,-0.6327445987671092,0.792359505335434,-0.4218854618431977,-0.2636153100664238,-5.874820845620841,0.643978455106682,-1.4118795268634,0.902072759195336,1.24848637921307,0
0.962428179482438,-1.4055806586490087,0.5921166450659094,0.0649281470273901,-0.3115281876314257,0.2277779313035277,-1.1835566106254625,2.284077640818033,-0.5017241101189415,0.5606153200193265,0
-3.6814146875273375,-0.3646947119826481,1.4470229602851743,-0.4414948213540639,0.3810783988835098,-2.032717526156169,-0.1089743735888273,-2.421657852071278,-0.1960217721504837,-0.5155507184055765,0
-10.474984047840936,0.3796347782455663,-0.7156081137875648,0.2934797927206042,0.3235474585489769,-5.357801535612241,-0.2125911575784535,-0.4120612971487103,0.8296433196872962,-1.1443988011613575,0
-3.6922300391422223,1.6368831720125343,0.1466324396492785,-1.0185460896976897,0.0648402185705747,0.4904436345186869,1.1568795643799128,-1.162064566431052,1.1384415770259413,-0.3765198495669062,0
0.3898773982361397,1.3200176294387214,-0.2458298888504021,-0.2605279785303256,-0.488473261366976,0.1194822075071438,0.9252418639491444,-3.457869524113633,-0.6549997661987663,2.0300527938165778,0
-8.182602052138265,1.2606565062330366,0.0452254748288614,-0.216004150856829,-1.2836508385225194,0.1493207406891195,-0.5309566710223292,-2.4928777360397048,0.4441392323507846,-0.1793862717398537,0
0.537223114438095,0.3290182369853488,1.5383631124786432,0.7722555195660573,-0.1719744556622711,0.6116688191369617,-1.2741515290039116,-2.6749253615550743,0.0756450779137649,-0.149069967039602,0
0.0189642789188853,-2.087721040946046,-0.4060372820621798,0.2172554965855811,0.7622019657626649,3.1170104538765924,0.2900307203595182,3.2834231396573657,-0.6792245303930275,-0.4264758535724864,0
1.5461406655907093,0.4948369704447358,1.686181370894336,0.1006709143881499,-1.0205392434611005,0.5189366739153598,-0.1084541019351363,-2.6821182533403447,0.2446063354462739,-1.2498363307870013,0
-3.259685082370168,0.2283683047043961,1.481234893182787,1.3633092053140647,-0.6884093703984386,-0.3170872178830034,0.2598461649795039,0.4042269840430332,0.3897965620757365,-2.475425507976344,0
1.5541671788624647,-2.3397469544265417,0.9707367806780968,0.8438735092160848,-0.9421219828359229,2.5705834214882,1.2683129983570556,1.3341737730270689,0.5023695067159006,0.1824354576249173,0
-4.90856407118703,4.468060794143176,-0.708476569972379,5.607198657433239,3.10172959550846,-0.6924473993339533,-1.9350063355657705,5.771408581325344,-0.6465053818623203,1.326887470040221,1
-3.750574429237004,-0.8056461182697919,1.5439442102984389,-1.2762779728352012,-1.5116706609770978,-0.7218907291111085,0.2015981169490426,0.926316757691568,-1.7064433442533593,0.4354772647625446,0
1.3530039948878751,-0.7967585474329648,0.4579113941059822,0.6564189772987626,-0.53771593332922,-2.520293794886091,-1.0695995699828975,-0.0072380948971426,-0.0521228560087282,-0.9869248038130822,0
1.8493668241073489,1.0786050545819874,2.5081321212209247,-0.2170558678988791,1.4478122265272866,-0.1049868701517796,-0.0891523263007936,2.6233744551184035,-0.4567032982274706,1.2508286074972317,0
-7.371115304337745,-2.4786362471527807,1.604472889560511,-0.1729545677323356,-0.2534775704600479,2.7152087269388216,1.1705283609441737,-1.214719109097953,-0.5039057894814118,-0.995159925234216,0
-11.3484301559278,-0.3819998451163184,-0.6871916464367499,-0.6941775256213963,-0.5637006696672904,3.799626555062832,-0.0215641685923648,-1.3621671972277072,-1.0490404993024047,0.8754127953288131,0
-1.356277837220946,-2.3312203844786312,3.333296651341287,-1.8307881782831832,0.6148085700403587,-2.057786492863434,0.7688879637800482,0.4128917616289902,-0.1770516611443097,3.1985474947642984,0
4.823902293634562,-1.078702241293204,0.3835046080767196,0.747246634130322,-3.0767294691765628,-2.939849036356076,0.2904267986626478,-3.295854789849596,-2.5184034995733584,-0.814220052170116,0
-3.5635417984903457,-2.5617886874177485,0.2383074890825082,-0.140929561577122,0.4975364209066882,0.0595845092673807,0.1605926138074937,0.4298182624882367,0.2487600649707894,0.5150324422567829,0
-2.26944667498634,-0.5391366272442669,-1.107843627410333,-0.7459464816331258,-1.7046839064723511,-0.3962101851038144,2.27559289994407,-0.1366383687040159,-0.5997381382023141,0.576516355265619,0
-0.3494773137161907,0.505991533422225,-0.4470521094520178,-0.2525205459432764,0.5278269124133755,-4.230624297949021,0.3240099612622141,-1.15711234775718,-0.9457554055410374,1.3516030032262485,0
-3.504468841568387,4.61052323556157,2.092867968637308,4.046375280323368,1.3270145098501032,0.8828282582723912,1.943918554891224,1.6965807254649743,1.212222145881012,4.553010045572352,1
0.5451168056666044,-0.6723561788029511,1.6179442616997368,-0.3405777509971007,1.4651290486147257,2.3673855175540424,0.3583525727381828,0.7476502481584884,-2.2302309558629525,1.5969407242084863,0
-0.5715405739860256,4.156417301918381,1.563877113232344,4.153118778374041,0.7376601987087656,2.813323555025997,1.1928044016391228,1.4675523297147857,0.2975489212002256,1.3692376814320957,1
-2.3207773096021524,0.2918435139740641,-1.951639773766864,0.0218891194788927,-1.0003376082431712,-0.6364800094469643,-0.1596390932883316,-0.6308159139640676,0.6887000079953156,-0.8882826111407893,0
0.0642594293950683,0.1713996155260395,1.170900283818504,0.3486855616718943,0.7771999144336479,-1.8638042753049715,-0.4850042948484123,3.43198968648424,-0.7396364909654396,-0.3282199179919616,0
-8.398117357414922,0.5029470288120919,-0.3848513396545577,0.0537821566790752,-1.1901086981982614,-0.0335948395069645,0.889053969863279,-3.8803085790398417,-0.8255653190863791,-0.2951893061515057,0
-3.3636179020695094,0.3390012005549871,2.112046830898716,0.4230462107032759,2.173228620997645,-0.1430862001300675,0.4075139887847498,0.414008154344463,-0.2607022687756728,0.153771001769397,0
-2.2026317793872816,0.881687131218005,0.1447722719318442,-0.0148627092419704,-0.9851898522997682,-2.116052894124662,-0.9042982202893588,1.00749713787928,-0.0073996056395711,1.3219134186788295,0
-0.1432534925910173,1.265735051046232,-2.1727893121971227,-1.35515780285432,1.6341295275439278,-1.4222930076806262,-0.650790819548287,-2.542508981933752,0.3955220665769983,0.395196806853447,0
-1.2518516721341213,-1.1460982903488195,0.8993591843126981,-0.209688529030021,1.2833994068197303,1.4572750710745268,0.288334361730213,0.1201763071550135,-0.1542576614841086,0.3747911623579011,0
-2.690868682020052,-0.9788815694335324,4.046486938626467,-0.6258260276793883,-1.7736210475221994,0.8743804429757656,0.7607948494645053,0.5366433298509948,-0.9831266815457712,-0.08393028965246,0
-2.220933547794154,-0.0258999370560069,-3.0623711444118107,0.3992251660731432,0.3239582006656771,3.127373681734298,-0.7997299361889691,1.495648340734933,1.7574915227512653,3.5906313318971006,1
3.664357639860692,-0.4392017924465468,0.2745681200380411,-0.4462629280979456,-0.9070446282971592,0.3509588432950378,1.1452346054812743,-1.876003137331341,-1.150103630825147,-0.0644527405289384,0
-0.6440525144080782,0.4939282195484825,2.1857787385054683,-0.3952166474835148,1.21794531825131,-1.0641102917181686,1.829814648643869,-0.2709625922302845,0.0662012032606131,-0.2660734693064959,0
-1.3042360718901314,2.906630894173503,4.429996390592621,0.779811321706515,1.3690585230548262,1.0878040504413722,3.0272450051209896,1.7108582282747395,2.820751428092031,1.8378363147244192,1
-2.097143780578014,0.0228821753136569,1.3635130786586265,0.5454951229675382,1.6902806335983187,-2.698542175793513,1.3612362908804188,-0.6987204183575146,2.994795357273502,0.9033892854905056,1
-3.9524606126099897,-0.3011174701519465,-0.1492900577086361,-0.1472733477828288,-0.869622543952695,-0.2920761729685937,-1.1920492010624393,-4.461334852545262,-0.3283386794219623,0.7441065887309428,0
-1.4067800729452085,0.9725095707330979,1.4496159605327874,1.1975654313735864,0.382340775166785,-1.5782726287014213,1.176958652551337,-0.18386663551884,0.4665493987465631,0.1537937625535476,0
7.4503307941879156,0.0284133607344801,1.6311770196160067,-0.3636499649727482,-0.1256471615890231,0.0948542951010097,0.6358005007036752,-4.511592919826493,0.3048930557849894,-0.5438676225122634,0
-2.223478500590896,0.6921273114246415,2.1780781559957823,0.9273824101720796,0.316921776315702,-2.179251142268068,1.013666390003634,-0.9404906879168904,-0.6937331526437742,-1.9088589839658252,0
-1.5824998087303668,2.84765613997356,1.2969995856840266,2.41500557278491,1.0276907013376082,0.913382877048089,-0.5698838982575682,3.408979499199151,1.2531697355521365,-0.5959302335791595,1
4.964290042414152,0.8652385225320056,-2.438306732504393,-0.4722539822766978,-0.3023956413577984,0.2608642382295304,-0.0196835923840966,0.3539245959083424,-0.3808368953793091,0.7662086883550016,0
2.9645403127747016,1.5223400601030006,0.5089762560842803,-0.4807819905743887,-1.061119554468536,0.6958383596318831,-0.2285232785435439,-1.0230629104749895,0.3872455956643473,-1.077272107308275,0
-3.3753506671814018,-0.9868422854276276,0.1139903683384756,-0.9677085188865866,-1.1653582207109094,1.7408533951210936,-0.9854454060160353,-0.3565951194100284,-1.5347219436290789,-1.4417699904836316,0
-6.428663196857903,-0.4568665746305203,1.220607908103306,-0.6644900648235005,-1.2350897671736056,-0.4973803021227605,-0.0016386127065797,0.8964025931514338,-2.0648864969272283,0.3713062846886069,0
-0.1752452340539111,0.3480910688384089,5.661103864351481,0.4447798898726168,1.7830855865496793,2.602249066973921,1.7940606849350291,1.981758744372767,3.3910802580477224,2.498786066709392,1
-0.980671090417608,0.6055824643598564,2.51256122354164,-0.4354864289831406,-1.7891870594004358,-2.195312118181328,0.6108731338764204,-1.9071561536000372,0.0942243625801485,0.8505539692878894,0
-0.2870114867376641,-0.928325804142079,0.087847945225791,-0.2685810023524646,0.2242865677104384,1.9171824659497687,1.181425178645043,0.3051157914820265,0.0445181755114823,-0.0818972866188583,0
1.46218692308396,0.3381000926895194,-0.5506126133806132,0.4011589336415093,-1.5363638254011371,-2.6135202521775325,-0.6395464477689461,-2.5997855376269583,-1.255536185461743,-0.2724658751133431,0
2.601988517694264,-0.4502790430004292,1.5602908251466503,-0.660927533111177,-0.6095310944293814,0.3571430780121479,-0.4573429121512145,1.9514745536077915,-0.1388148476944517,-0.9598112327584029,0
-4.930704528231253,0.2755192978047811,-4.222856033666528,0.5439923394835444,0.2167500682887141,2.037892194503205,0.720730213683127,2.5078657623753347,-0.1902128490303506,0.2199518813362196,0
-1.1709103691508955,-1.5128148828539207,-0.1452794645191685,-0.4275701737457928,0.7107670386286337,-2.6373531313943697,1.3076895197297085,2.4425932164697377,-0.0500166725637162,-0.1989066089684225,0
0.3015658746603582,0.7025701861301864,1.2206583629051295,0.2982818557956467,-0.9444244973294876,-0.008880658399141,0.7541743999414745,2.754351895662401,0.6292281164467076,1.3799363886492697,0
-0.4310100597184815,3.826013544239151,2.802149926512527,2.333085991162792,1.6353907569078068,2.9306837622685338,2.8896181065551705,1.3111583518364731,2.710015723139092,3.4550090053912057,1
-7.769184291846602,1.1000548260559246,1.6366545257183156,-1.2875160519901647,-1.7272742726702597,-1.1228370284380986,-0.0127057638687038,3.1558754642355518,0.5495190484960281,0.4083770030154298,0
-1.4463380037440456,-1.193107172356337,0.1432153076843869,0.6944776683261045,-1.988297704186407,0.9999999119259808,0.8939536894937509,3.6250473834114,0.4586525979512198,-2.433152589800246,0
6.170163059373938,0.0525465513086882,-0.1889241655105469,0.0519826674699959,-0.6740946398738015,0.2904845993212298,1.571009524729561,2.4200810742503016,0.754260136146089,-0.0282461670627626,1
-5.988840836109968,-0.0543757289814927,0.6435454095894427,0.2013025764695678,-0.7701566377341322,-3.009052920697988,-0.1866765296311817,-1.4474316909862266,-0.2995420459538609,0.3724142608316306,0
1.6795574012683467,5.220062866479776,3.804141469527699,-1.1129708385920165,2.9830485647847755,0.9789737583936384,1.0474156125350698,0.4024421308807803,0.4809235267444917,1.188808796594618,1
-3.2003180754802303,-0.7088503734147393,-1.5423131258897311,0.0843508338286133,-0.3287146604519131,-2.531340971476693,0.0963310420543564,0.8967672708656014,1.0150306339608637,0.322174070915291,0
-3.1181180064792207,0.3470257756464346,-0.5310393324586019,-0.0200726229659076,-0.8164185158973666,0.7557809938468842,-0.7581047344412679,6.880740079273135,-0.1627488212826348,-0.812086592562594,0
-1.9694349558210127,-1.847326860562717,-0.7518786184844573,0.1455630472143644,0.992031269386626,1.819538807906904,-1.5781953528460466,1.5662295992749509,-0.7807902173200102,1.0770080140998628,0
-2.476343439276344,1.6752139973597355,2.0202078056852733,0.2164013833951564,-1.012747854535459,-1.5559831250785847,1.1316766219395142,-0.7222395247672576,-0.236480813025405,-0.1485738159194053,0
0.1597558426547979,-0.1922874942708203,1.1653873336939298,-0.137820510371934,-0.0762554550663567,-0.7269636279440814,-0.2525457391522799,0.3795331687215616,-1.3505891213448171,0.0552318750773641,0
0.4116088234464865,1.1153602261327338,-0.1036009599237441,0.1590401106816479,0.2399219258441761,1.1830346674962875,0.0828277106482864,1.0061996495600842,-0.4712321378150472,-0.0225180157048897,0
0.132772804281392,-0.5486996973971474,-1.053367537863667,1.02036384913257,-1.589855001815263,2.1043665110515857,-0.6247562944931324,0.4677155216070335,-1.264932472167615,0.5612554116520212,0
-0.1392681159869531,-0.8656362443927712,1.0338727800884933,0.4590168191786149,0.0372255190963409,-0.884191619699306,1.5566328297207892,-0.3705787463876189,-0.8112083336659814,-0.0624077158285342,0
-1.3169726238998936,-0.8590305671641438,5.343614901491538,-0.8710663934988727,1.6422511307870755,6.055857023461944,2.819735760818687,0.0161053669369535,0.8608792129633345,-0.9801563617169864,1
0.1221638412051542,-1.6451311356440232,0.0364091668049302,-0.6149563980151309,-0.4334870063600713,2.099401259979409,1.0575973254187094,-1.1804806461878865,-0.7986924849027806,-0.899733344796698,0
1.7647851344764622,0.3973877343004875,1.8800108688973276,1.1516539487723476,-0.3659892369450339,3.671667304475741,-0.1704937674960093,1.8410777654898232,0.2485137959605135,-0.7100983761007066,0
1.9542537538180504,0.3145590841302634,1.1002473845569878,0.9437453365359084,-1.200659932277539,5.865327485256233,-0.4895399426842575,-1.4660070750631922,-0.8637540830571867,0.7307154278462197,0
-2.8700074459910474,0.7359337381646958,4.706667473693939,-0.7785152223437478,-0.9574246331574948,2.8822767660854813,-0.1196654337158049,-3.125660668447737,-0.6846409531968081,0.0771957414437604,0
0.3395457890480038,0.0754153322141077,-1.0229765969274187,-0.343065457886576,-0.4509000973805567,0.4490562033214203,-0.3608365214104264,-0.6357599716503759,0.5582325620760731,-1.5778401100399349,0
-3.431940933397141,-1.934216730559868,-1.022025539484661,-1.1756057878662207,-0.4977133697426159,1.2343584033811306,0.7185350009628615,-0.4836863990705126,-0.0370190219027924,0.2069417937339353,0
-1.3623205990878688,1.5968934454744157,1.406340523050603,0.9820929806985826,0.9429293366222968,1.5824253832724169,3.4944110170744542,-0.6502176812016793,2.1796214810878114,0.4100537966339706,1
-5.299680250490755,0.9838835068360582,1.5828374907177587,0.9963048623016828,-0.577143913979239,-0.7805492841119372,2.154997599265565,-0.358146919044473,-1.0776036359580616,2.153190563763785,0
-1.110449967158008,-1.9369942333048675,1.194140840592397,1.932331948938778,-0.6490095543229543,1.525927091516341,2.4973065155445786,2.380345883704197,3.909234345688753,-0.086888225695851,1
3.4658589041802275,0.1257585942448096,-3.006813903973759,0.2426769927965636,-0.596669997967033,0.5690355596348193,0.4313013231458665,-1.779675127881435,1.3423372336062154,0.9388768271089823,0
-1.5232926571528038,-0.6281936774911048,1.636903312747426,-0.1393200691155255,-1.0296922440449876,1.9261526781080536,0.2526456068786457,-1.204746265702219,-1.6155302944276693,4.436307333422348,0
1.9652379101782749,3.18106600431051,-0.8553405519024063,0.0676295006374171,-2.17216147788446,-0.6242856119153652,0.6002886630133123,2.116064273863944,-0.4990358692530158,-0.1851289745852792,0
0.0038880597486012,-0.1223737293798027,-0.8693784169478603,-0.7518028051294015,0.2626617244467452,1.1047046567964804,-1.170988659782041,1.3599699437343593,0.1855656250842917,-1.985576919933093,0
-0.8377496045057338,-1.2808275071419333,1.7377983101065446,0.2531904326473279,1.4789325837573803,-2.8520081592664885,-0.0524022544643365,-0.5161760778836759,-0.0016185897346738,-0.3607403574484113,0
-0.6961025545928166,-0.0886007312502825,-0.7114803782735661,-0.3835317746237437,0.0140684058831739,-0.683327291209928,-0.0334787840636656,0.3544729985369447,0.7971843684841788,-1.4384352865726144,0
0.5216219526914876,-1.8209961668321748,2.07193546935512,-0.7690703052770491,1.0722795003510277,2.614394869832561,-0.4454395537893632,0.0169969517233928,-0.7837832368408502,-0.985558489456476,0
0.5533710454084241,1.3964020176754044,1.740215261608078,-0.7798306284213614,-0.259199696187443,-0.2961176319992264,1.3189114938768758,-3.2763473186874066,-0.070659109863521,1.61745525474006,0
-4.690405731588776,2.1846786082226872,0.8148888952004246,0.9512788541338526,0.6292291368953706,-1.3295341469971214,1.714523698836114,1.4340403361631575,-0.5072849028882704,-0.3354699222291217,0
-3.046165971229056,2.607742388871074,1.5257056972718666,-0.3646625615174352,-1.1704628758411382,2.508464119730987,0.9015779264295792,-0.6882957938191745,2.2684719271528,-1.0272294846880383,1
0.608395069322841,0.8709322784674631,2.2512206066261093,0.6058570587706218,-1.5574963090009852,0.5365510921980912,-2.313746437231803,0.6945816755161389,-1.777379087129145,-0.3533597763194172,0
-3.1435395244034368,-0.0051388723462846,1.6661817680374953,-0.9520877256328648,0.8848389247089439,0.6527786665374524,-0.0372791631131825,0.7227198389401563,0.0323680709257973,-1.2808192867629318,0
1.3922145910263966,-1.3035898036955356,-0.00011345508709981188,2.619237389891784,1.0481844592309848,1.8926175948634816,1.6099866967292846,1.6903855296631267,0.8331393900051688,0.1244529663014726,1
3.724242189627177,0.0591971829054293,-0.2118942815529917,-0.0083045677887391,-1.9327207807025932,-3.7000146770030895,0.194342959624511,1.3427342486497804,-0.6820320338588365,0.1237764417203877,0
0.3952240357723537,-0.1347931107141299,0.1987561118897227,-0.6389114475255219,1.0041023986218944,-2.443145056063785,-0.9051093721138468,0.4291793616558953,0.8556126632217588,-1.0027346212833923,0
-2.308597156436976,-0.7303013878984229,1.0140522454587495,-0.6835066389902563,-2.6632344004032653,0.5490782128429015,-1.6829429983561548,-0.1599736246761796,1.0546172199040829,0.9080548060441622,0
-2.6284569274395198,0.2158523836176461,-0.6702063109649886,-0.1659330857853217,0.3400071085386175,-0.3240275731703778,-0.0672737649084301,4.500924398116788,0.3272254035083357,0.077221631080621,0
-2.894962768658303,-1.036456823096041,3.147355617497939,1.2293517625124926,-0.5854496862534389,1.3787936057873305,1.7020695829575403,1.854450650896592,-0.7989587123070919,-0.6889568723313652,0
-1.8677589085087376,-0.7360984304797693,-0.8830226456513192,-0.2439340170660219,-2.138192554808686,-0.5712412366879701,-0.6343916071010468,-2.2002498078081443,0.8358455962702597,0.7006735882723525,0
-0.9811398613611289,0.4973594548306348,0.7216543377811582,-0.4253348204739002,-1.5544999825689376,-2.214398807781367,-0.1025580931496437,-0.8358613183965714,2.890546614015592,-0.9559139561989698,0
0.0991837256565042,-1.3347530239766394,0.1620672396710901,0.2303512124774304,1.5626711196373415,0.4449149603764832,-1.1655827714458395,-2.0265088576567702,-0.2134894494716233,0.2657669985930771,0
2.774715149525667,1.521966407722609,-0.3604000683247303,0.8548287076687014,-0.8972322913067231,-0.0305925950084713,-0.0491278456297273,0.4378462502537164,-0.7060008260492852,4.031916266799089,0
3.3474695750922354,3.69555816926515,0.347869417481937,3.1956435695554304,-0.4868996709802065,-0.4960864127914728,-0.502750081307302,2.461938640127449,-0.2741596415969507,-0.7133386315917128,1
-4.223714508987911,1.4759237320903646,4.163886554374767,0.5659332988211562,-0.0155462395968786,0.1242199558497832,1.3086260392658968,1.5210653337866875,0.4705609825460266,-1.8782796420211447,1
0.4754103617399372,-1.0898291287400474,-0.631238566795187,-0.1551770051546967,0.5478041473045905,1.5851128404842665,-0.068588720241514,-1.5229940516188432,-0.5445960984766344,-0.800757232340284,0
2.820021993871624,1.2055996390795425,0.8508984201019988,2.630104810172256,-0.1407875716072224,-1.316869289402512,-0.3752440745363665,0.6489604234027706,0.8664721041123125,-0.5637398862882917,1
1.0513429484696144,-0.1063618002587933,-2.3632936841793297,-0.0798163859497075,-0.9225189933201692,-1.1207727109566918,-0.7490021856076885,1.147282450108839,-0.242749654711678,0.392210586226372,0
-2.996156065626395,0.5904621184795203,-0.6927389987326799,1.404434891181201,1.3978803564062643,-2.018106684100264,1.3342956437494191,-0.0334210535321173,-0.159433008386542,1.7035291747447487,0
-1.0552911640637697,4.109458812420439,2.849067625594434,1.7384476743205637,3.491828253109384,5.04853922763935,1.8510226858031928,2.0270001949916985,0.5221241061065658,0.6485293122866673,1
-0.7731054793400551,-1.849377256658574,-0.7563137370268953,0.0383237700208639,-0.7316375427939513,0.1953942569160253,1.9105317206736987,-0.1330400094857057,-0.4299331110723039,-0.8850711777380028,0
-4.276878254917355,0.2150947655991746,1.5579407283981306,-0.7745997825531044,0.8322268918221488,0.3107993163305738,1.1692145104140292,-0.928178694015741,-1.3312470228722733,-0.6725265620049192,0
-0.3981408534378758,1.3650337468650944,2.7684572976694177,-0.6304819995306837,0.1251081818012198,0.0316051679847886,-0.9836510651926036,1.1820105272199908,0.8185902102063133,-0.9818252896199074,0
-1.858708325059692,3.671204466537157,0.1225837033707858,0.4476903897880789,-1.4680672895036777,0.7679547148773436,-4.494229989293661,-0.6266153431536965,-1.512282535615284,3.268226151043116,1
-0.1789055860372203,0.099009501924624,2.3511537033409065,-0.3670329627140591,0.2956237290003147,-1.91883535884208,1.0824815649972828,0.8841955164520447,-0.021066716395416,0.0387771498983441,0
1.4009740889508422,-0.3895409892451266,0.748497504085146,-0.6482482523677602,-1.8958227694619008,-2.4839883379323062,1.5311666585173094,1.6308583862951422,-0.5155365397258884,-0.0989607183545208,0
3.263208889438518,-0.9113220528642298,2.3275613331847045,-0.8874405343447511,2.137039799838848,0.9939494703894736,1.8808004444260145,-2.403514576946248,0.6909965691860658,-0.3310614407543134,0
-0.8726497069469857,0.4713136395613712,-0.0435992699365262,-0.976815369801862,-1.973276747332844,-1.5365902437410743,-2.2902857248571795,2.3963416358992187,-1.077427394091635,-0.3547157210955715,0
-1.2313510985810168,-0.6547996940458598,-1.1648976640453377,0.0719538368545176,-1.7969357852667929,-4.202811788616391,0.6550962835165318,-3.8727068761888703,-1.3282633566990616,-0.4776184211115033,0
-4.676969027812385,-2.540866295622464,-0.0689983238392918,-0.395698589363177,-0.60012709818709,0.8348105691667365,-0.7390398162697495,1.5723214736119686,-0.1233628549434909,0.1595614935938646,0
-5.0771208576038855,-1.037266622267362,1.594023991108655,-0.0118394279266275,-0.349223733323719,-0.9674411474991028,-0.2293035855714662,-5.376772716750892,-0.2837548480964734,0.186359325684172,0
-1.8518685817098024,0.5141834996754903,1.0144911879734972,-0.2384532261724088,-1.454259832913205,-0.859448506977809,-0.902469400305914,4.493775452970698,-0.0780497922175434,-1.8845968115021288,0
2.8029166312074087,-0.6180032442505501,-0.1220906926709551,0.1343851637109751,0.2002212654778718,-2.23644508053031,1.5678709936900512,-0.0925105985003584,0.4423996861717982,-0.0902724651171853,0
0.2636916070902415,-0.8867320713890605,-0.5939522908316022,-0.9876030906781268,-0.236973376885827,-1.5594709316383428,-0.4478009995103883,-0.6359592548532128,0.5173226825191618,-0.7563952864402865,0
-1.4780051415354103,0.7068077164872579,0.9911670438003386,-0.4872222925659308,0.1656510519141171,0.385327149913812,-1.4121064000036307,2.23849518112587,-0.5947321657371281,-0.2418286679557322,0
-3.560897639969079,0.1417624499517829,0.4733180660705093,0.4570572441839871,0.2569824580708879,0.7331314013847363,2.727831368567445,0.1362187713518639,0.299177776666956,-1.2966567018208914,0
0.9877981341371798,-1.70815271548158,1.5189184348364184,-1.5837316660069811,-1.1605357789401116,0.8671751310500397,-1.02126344731931,1.0647754598303794,1.5515982453254742,-0.707956629083063,0
1.6614225090208548,-0.9860975762883586,1.4531050449229257,0.3140476391492314,-0.8504560596630784,-1.64736330493411,0.7050163812449808,0.4274226582545005,-0.444565622756864,-1.5125962761024494,0
-0.2236476864609669,-0.0907154082136549,-1.8348576857343408,0.2084979154282766,0.9808004147869952,0.6308460728512932,0.1826542122562848,0.0982153808233722,0.2466819363790034,-2.561162164922859,0
-2.2668892663613924,1.168592705656769,1.356477216122528,0.7552049041132552,-1.530669499651491,-0.9767669289020928,0.6284201042652364,0.0957967798386462,-1.0485416755497543,0.3616783440559885,0
-2.697492368876497,-1.1851710587750417,-1.9438587440031312,-0.2786996619825278,2.054640042589586,-2.8022503293322547,-1.5918580898287142,-0.6370496325158964,0.751111393400642,-0.3998031785502858,0
-1.3760465926188,1.4154108703248398,2.0385792196114174,0.0030550745667068,-1.215786644596771,-3.499938004241839,0.2956408082691969,-2.8936793740021995,-0.5262104660802436,-0.980637245232778,0
-2.059047686051489,-1.5643072237282465,0.3490330205052352,2.195642913616445,0.4386210622300852,2.373386507647981,2.702965668772712,1.536162557340356,1.3540761782686552,0.6757732307487494,1
-0.5371323103723865,0.4678124624815922,1.683983963727821,0.3064876873545947,-0.2752716463679734,-1.056947788698935,0.6747352954087632,-3.109570099705537,-2.295703715240961,-0.7060910822826338,0
1.4232839701345017,0.4468718263069142,1.177929608981732,0.4156980928255096,-0.0299181547259537,0.8135418218338013,0.1442702973607074,-0.3497314100187759,0.1712878311266498,0.9794227083064064,0
-1.9382386935058435,2.576574065497505,6.934153345973611,-1.0682831237215096,-0.4955819437598023,-3.2939337021683546,4.316486092258849,1.0517877049637725,1.5640205231062785,3.446644803733032,1
-1.15470126210038,0.2888974581400055,3.05931086138085,-1.235019169311868,-0.0059731766297972,-0.8667455033789158,0.4318912871571846,1.4360083379790345,-1.374210745883325,1.44640548837504,0
3.723655408133322,-0.3632121665924016,1.3671712559241065,-0.362072344939529,-0.5554061177310926,-2.5753997577307066,0.7859801067367511,0.0046051784497457,-0.7187065745395045,-1.228109883241467,0
-3.0436419029352635,-0.1787565243905417,0.7752880778991538,-0.3880610080453084,-0.1615305986370888,-0.8444821749144178,0.811483474935087,3.035679739328728,-0.2178176741726218,-0.204541380462098,0
-4.207382024766153,1.326883662637043,2.324713002187276,1.847435210560708,1.9027217103921723,5.991332712054694,0.0959831775610355,2.009303515119922,1.9223346250553937,-1.274325055338037,1
-4.1261754171623775,1.1727808775607045,1.353964238816847,0.220017849746879,0.2396263185506354,-0.2384386956544062,-0.3384112277848425,0.6326769308808342,0.2807151336676034,-0.1388365858368077,0
1.3642154607910522,1.0395955650671906,0.0498632583543771,-0.7418639369464923,-0.1321946423226761,-0.1544464500962576,-0.1357991945317101,-1.4845409999255563,-0.0195915913227377,1.5783817271746383,0
-2.335329038553644,-0.2899700436875614,4.835171374219456,-0.3890342984104952,-0.2812467939416471,-0.7562565488508768,1.0187391852386791,2.572302140697817,0.8019156824826772,-0.1308839717875689,0
-1.4201427988124276,-0.085061793346605,-0.0884998157813474,-0.8753489909536134,-0.3157242218702903,-1.0431417647822554,-1.1983744328425978,-0.2425874611026818,-0.3712584320034846,0.3162957223392061,0
4.484094749889367,2.8310287945848445,0.5162512883748402,0.2470632907880983,0.1077175589132374,0.8309977256156562,1.1902922771719773,1.6947998303829523,-0.118294983703332,-1.0806372893735303,0
2.283940654315657,0.1104324710253321,0.4266729382692265,-0.442011799291729,0.8306972798328673,-1.4739829513410014,0.6813429374492662,0.6174503624218783,-1.738817667344893,-1.5892157429859104,0
-2.405286653473319,-0.7505890076590467,0.5330469505416657,-2.398711762739683,0.0754500242483825,-2.2753875780560366,0.2884281753578342,3.498589630904588,1.4102852831059003,0.1365318649048442,1
-3.070835337561543,0.1934998503979477,0.0695293320150759,-0.5970232468525718,0.5067025999376202,-1.5281235290881854,0.1163391846752363,1.5070258095933498,0.8942716856749208,-0.1998573597900579,0
5.153375558581775,1.0090350253899942,5.98838817115323,2.316747792412676,1.4321924801109494,2.843601431519473,2.79548201013838,4.828298542972436,0.2255352798693437,1.3955780264551132,1
-1.211526120528733,-0.1698562717568584,0.7525585991175163,-1.270211982795472,0.0852723309710756,-2.933247570934047,2.2547241120893053,-1.1166608649687548,-0.1982076258147944,-0.417683212572061,0
-3.5668775726401107,-2.1470017128850616,0.600506302737929,1.104459591956923,-0.2428658988746657,3.213494115950997,0.2856215196428264,-1.704947958816604,0.4675174636995379,2.3847505899129087,0
1.0162286542298644,-0.7505409739802289,0.0204713312532666,0.2192682982124473,-1.1623910990474324,-1.8051847001229944,-0.36469309354871,1.1042822905433392,0.983923275227178,-2.7717459310934247,0
-3.010445354501119,2.5600104168914832,-0.6222249744287798,2.7949170583959053,0.2370524408768471,-2.1298341445224267,1.400146058193095,-0.04143523163286,1.1373203336530398,-3.0768212015858887,1
0.7470842620316721,-0.9124029527870836,1.0383752957623158,-0.4726517399624121,3.2140520355395914,1.308801846648156,4.989380459676792,1.3516474601365986,0.9945797963586646,-0.6322004323212403,1
-3.2725825253920195,0.5338047746441795,0.4350763809419276,-0.0478525718899719,-2.166826332838086,1.8592978874134969,-0.3170308467561462,-3.2024377684447822,-0.0327700072432966,-0.0757380661273948,0
-4.802482015268637,1.3903290921713036,1.9745218565172675,-1.0958580522937085,-0.0610631648963963,1.837757426817428,-0.0168720663547171,1.568378892115195,-0.6574379255612468,-0.8469739818569043,0
-2.3113865102430697,0.173980224550076,-1.3788478228084065,0.1741691770228248,2.763160536537268,4.380966692606519,-0.685038805348113,1.1618326301424973,0.0090943318353556,-1.7042631030616096,0
-7.184830217952117,0.7991546720349612,-1.6398384498562906,-0.3872576833162801,-0.6962133855550191,-0.629681912869483,-0.4878299389733721,-3.333042689750985,0.0607247066285721,-1.7387452580925291,0
0.841874694860581,3.186946680019499,2.049443800144315,4.703419053976192,1.2982375256797265,0.1740389887702005,-0.051134351923028,-3.898271210848112,3.266938252786709,-0.3894878495032278,1
-1.9159904642859311,-0.7532088328140536,-1.95824401205675,-0.9612250111131246,-0.3614127214796016,-1.526847567402244,0.476935674158028,0.8048941782887672,-0.4637349253984618,1.0602636539105164,0
-3.8821818991234833,-0.4188828588668489,1.435875920954187,-1.0219839309221397,0.5601586669508487,1.5525246335615486,0.1428158429758575,1.6559527913478562,-0.7383358928570001,-1.1752018547942886,0
-0.524114080047479,-1.238696197929302,1.238692545623129,2.2626170590267245,0.5674344579476146,1.206560443899024,-0.1399337220035386,-1.760433121568589,3.2848557369100377,2.245016393261207,1
-4.909711317900559,-1.7861078528972223,1.0439555940244336,0.1646752720393665,0.5892867840242308,-3.215329815209241,1.1600283606120374,2.82937143340963,0.7072901364296825,-1.453767411552636,0
3.550102775818623,0.8464416235682676,-0.3190330216117072,-0.2286965303577637,0.3245293543765958,2.0831599410766817,0.3723922443072491,0.735141310212268,0.5881025702488828,0.0083193609118067,1
1.5685330261806991,1.1362538701580096,1.4301428533003508,-0.2100944659752938,-0.158172833506698,-0.5164098631610401,-0.4858130789707124,-2.160713092620873,-1.804894273757602,0.2338485491878897,0
-4.157219701366823,2.3121283551552225,1.488448533228647,-0.6313651629077013,-1.1472642468779115,1.6341098565203676,-0.1990341919557889,0.8851323446302001,0.5283097393444504,-0.6712616082702878,0
0.4991009502259532,-0.2732533323029564,0.5463114110620799,-0.9111386802220623,-1.0806050457829708,-0.067266102939369,-1.024988630091309,-0.6307443504189265,-0.0281499923616812,-0.7222476215644663,0
-3.0345426311845465,-0.0251213372365316,-1.5848002016843776,-0.1817171098666369,-1.0215024878902088,-3.2671665058895334,1.3038310939546058,1.3052633963016738,-0.3647067415584453,0.4199415712236322,0
5.04162360181718,-1.6052592565131882,-0.5345803504085436,-1.1712497168864378,-1.6434896547181306,5.221853194871779,0.2495042470573117,0.5137979120773686,-0.164092884065936,-2.6994634812597624,0
-1.9653109036912992,0.5863654567303668,-1.1200646566107078,-1.1135896165908807,0.4734236415099219,-2.8247047098782168,0.0059449264056284,0.1639287391254191,0.1222413683816838,-1.5493598999806182,0
-0.1028046250233797,-0.8429789291663594,2.535749648013052,-0.8122739700878546,-0.6364339775189379,-0.7402977379915464,1.801654938581712,-0.7462647209060534,-1.023723138178502,0.0308395806441648,0
3.3727601808199745,0.8673554941550984,-0.726522775367667,0.4584979072783519,-0.6436806417902116,2.0611130404878284,-0.3053937483326306,2.020560023168012,0.5315183298816255,-2.520907484166372,0
5.260869924010041,-1.111502403032052,-0.3616959793801752,-0.0492739812636097,0.3428973889340214,-4.369941370253326,-0.0806527855194388,-0.6003777484932262,0.1656510946814016,0.2961572831172683,0
-0.1684616533602641,0.3222585731450373,2.074623665338035,-0.3340905752610004,4.076656758890175,-2.3033412131440887,-0.2309051636355539,2.0174780125034086,0.4050054581072709,0.7018541430077915,1
-3.3308538506433525,2.233327613085434,0.1725928529753026,-0.946236385423467,-0.1816494257025905,0.8801819575050895,0.5412747309179473,0.2063739163361448,0.361144802746933,-1.3974489388949711,0
-4.585974569210862,-0.3539670202773648,0.6076933760004417,-1.1879213268132778,-0.2509537416084034,-0.9332816283817104,0.6878012890882629,-0.1874378084030657,-0.5585171764150112,1.6549873629780725,0
-3.6862202985551695,-1.268730514749434,-0.5174490070860159,-0.4058871709521826,-0.4343955507214405,-3.105098148563467,-0.8943120120557836,-1.728486646284914,-0.20541855054247,-0.1819787538115326,0
-1.319414307077093,-2.789871976757273,1.183177990125122,5.121317317575663,0.7554094405397269,0.8435055437663248,0.2870292261951759,0.2244610419778362,0.632716939064415,-0.6163476551298143,1
-0.8980722637419115,0.1054837198642173,1.919835131908394,0.3110341502616531,-0.900139231088212,0.7989909477263886,0.413026770443356,-0.6068004966246642,0.1850336593066364,1.0422279780006105,0
-2.1148190479437674,-1.6950730623766093,1.5712383443552913,4.205094975257717,3.1414981694752484,1.5179662682290973,-4.656466477019822,-2.3550005369077702,4.319529919618377,-0.3658393720433712,1
-4.416596342957158,1.3599117587895846,-1.6085449541253676,0.4690326685504206,-0.0798059650442819,-1.323996572282196,-0.9808214332408236,0.0039826154480267,-0.5893981478051054,0.0843293209907062,0
0.590274059988555,4.773922430035313,2.784604023833737,-2.6976819441807933,1.5969692951515173,1.6847436509254126,0.3784931286880868,0.6581402723303936,0.3800098377945281,0.2612096778586568,1
0.927105551025582,0.3253198681074694,0.5762270005598348,-0.3842164498735013,-0.2197528603150876,-1.7805275161166882,-0.5707391156062073,1.4020663739963193,1.8326088270153784,-1.218678312248643,0
-0.5513171829447534,0.9508195614098603,1.1025180915009627,-2.975573972995631,3.561981031243666,2.5704436745167114,3.293746952081726,1.4633381716783145,1.2451180429759945,1.5393573074699711,1
-0.0402170403025206,0.0491063954673507,-1.7450224354756398,0.0626957638835606,0.5232890372850216,-0.956700580778586,0.4820054353001077,3.552163317550865,-1.5505461643808238,0.2899484413782917,0
4.587019686840286,0.4062543017443167,3.617026385008861,3.5717650107513053,3.884226617171218,2.319114362143048,1.637580427052962,2.780100794838642,2.0773898760950367,1.9859792268859344,1
-0.1453445673241724,0.4693993697990517,0.653870487223349,-0.8096804239396644,0.5501131495873304,3.867687395515023,0.0859599978493173,-1.8933282010255856,-0.5151352166965799,-1.454777894984282,0
-0.443283234792139,-1.2476376945318826,0.0468140567443996,-0.9570156883729048,-1.382451111243303,-1.101627941219928,-0.8018864671804867,0.9209980612800044,-0.7034502217686661,1.7590855428119827,0
-2.6639308292510644,1.0148295447817346,-0.5688882974306134,-0.0176192230673466,0.7797092273804502,3.3003105868162628,0.7695590953286572,0.6312837304228986,-0.3647529522223761,0.9239708636857512,0
-1.845604208553001,1.0365095583420043,0.4949855766917895,1.478538236159877,-1.194212318648587,-2.845919839113765,-0.4727120733498146,-0.9945694148133996,-1.4202637787129184,-0.2849265011763162,0
-5.036214811045898,-1.7663414929091248,-0.8796305489889205,0.3171054658707422,0.5075840762299525,1.7516363641737671,-0.782980884807576,2.5518604182031592,-0.5074261195808232,0.8920228138563211,0
-5.506207452840575,0.8494674508589357,-2.25117318118706,-0.3407544883805868,-0.5707197073248567,-1.414885342800763,-0.3485263404778158,0.5653920264784318,0.5357596690518555,1.5459619023778617,0
5.140853988642219,-2.566410914399022,-1.5428809163665946,-0.1682082347471704,0.1692975759294228,-1.338067837124012,-2.099942762782226,0.2843248501428352,-1.0000063454252297,1.6056319755676831,0
-4.454023367929259,-1.5169056571599755,-0.0074285614700917,0.0558213914996205,0.4423303059702814,-1.092926285838586,-0.5868400348783436,1.5069883572054898,0.0020743274255816,0.1072603796847162,0
-0.3417946647778821,0.5751863889310513,-2.849550181887828,0.0288338601016244,-0.9847371290527644,-1.685401664009626,-1.8514493512925012,-3.763592293253173,-1.346788065632969,1.2265506102236157,0
-0.3665339092935403,-0.7260473483206283,-2.1749775384822727,-0.6185785422424958,-1.775259332602507,1.0516093050759572,0.8177185937955571,-1.332936363911807,-0.787736066240985,1.070001326114449,0
-3.541268862848173,-2.337284722694405,-0.8757637941941046,-1.4949800337683083,-0.6473584276231527,-2.4232828258875547,-0.0545083897270203,0.4916174931539674,-0.4141882708614238,0.6018555575681495,1
7.090205286234264,0.1915813840291101,-0.4290156509261889,0.3859946863278959,-0.9321523542137686,2.5699213225052864,-0.5718552672736464,-2.5907843393660976,-1.4268378973432014,-1.8223322643870936,0
6.809256199437977,-4.387216251197464,-2.217447760217953,5.088525197311263,0.099280200485508,0.2102812394377651,2.7512317736792085,2.2226107855526527,2.4648543789214683,1.2623795693474358,1
0.923183362387048,-1.9316829648475011,-1.8443458431331488,-0.832026590339717,-2.5673282444351138,0.7088210031658513,-1.7037773996721328,1.9818637449866496,-2.139323306638698,-1.113801921997387,0
-9.041976895918356,-1.5375036748480782,-2.0862580366631307,-1.8535495797064352,-0.1758994714147759,-0.5720224620994611,-0.7292266181244779,-2.720395274310899,-0.7521781797501221,-1.2019654351040905,0
-2.0731858367981246,-1.1799208670894397,-0.1549841237546811,-0.8797374628683756,0.1010217355597198,-1.4639929639749445,-0.283200332671472,0.4402280549537985,-0.6469542546304992,-1.2752116386544483,0
-8.361423562122305,2.127628872903028,-2.010281271094707,1.4889393339393284,-0.4939371153752973,-0.6186661214105867,0.4070113423771031,-0.0020677644786893,-1.2009929152761964,-0.8133266164015991,0
-1.1287733602062118,0.1561605545876523,-1.4335069305576078,-2.1149486505997377,-1.7328070205788753,2.2448127733387797,2.030211546553101,-1.642257687731273,-2.1188017873376905,0.5866557394438771,1
2.312637393006966,2.343716684845534,1.9568256058663385,6.867816005911649,-2.5116748708088568,0.4116357171613489,-1.5889345049016184,5.112571244596737,0.1698186533772593,1.3978205498725125,1
-4.905302612885411,-2.413451575217185,-2.6693519422506253,0.7354342518328177,-0.9930512419273336,0.7647982273666908,0.6370136462448684,-1.4088930476252166,-0.0168768985787218,2.0194383353654928,0
-5.530331488515135,1.029341867757477,-0.8418528391023143,0.0125659048519388,-2.5340102729818814,1.2979670288420089,-0.698771437615932,0.2096593169450762,-1.0763478105312274,-0.9218849533035942,0
1.7731988611643317,0.927372415471085,-1.0485059485917243,0.4675775046505365,-0.324970732515616,1.2362956090476354,-0.9662512620769786,-3.0931895454149227,-0.8803783340795444,-1.5923708589821028,0
-0.4523871642383122,-1.6185147659768573,2.201780561615348,0.8957179489910767,4.481665689434779,2.050597479207393,3.3784160141228203,-0.7874875320624972,2.202576767465044,-0.7773155824325311,1
-4.456777080390454,-1.395208111683114,0.0393087174647937,-1.00798093889366,0.0144554180172088,-0.3590807226064301,0.2337163233988486,1.0283515265860292,0.3426981864803227,-2.2800390716241576,0
2.5586843834025146,0.3377939768714187,0.7984871316691023,-0.6214264278144497,-0.9827810405158256,-0.5193058165470515,0.5714286596224443,1.9127231143810564,-0.1834706589571918,-0.5711335994243902,0
-3.7693378811550886,0.3669350362227583,0.4727275001414224,0.5417620392613247,1.5802636931252323,-3.549517362910265,-0.2762777215725073,-0.1663773184350938,0.8235405971887859,-1.8424267135484131,0
2.640281391126988,-0.1958199938822922,-3.1531875785775365,-0.0742793729904063,-1.341529549669208,0.4830588192274639,-0.7701577043922992,2.045550544482017,0.913687452917768,4.996867387315035,0
-3.701212604502007,0.3942516050262754,-1.6041776412464404,0.6179207381652609,-2.904990679454269,-0.8105585170063019,-1.2152174947799246,-0.7842601042160874,0.94880522851852,1.2811985894788271,0
3.657786700231555,2.862132926999715,3.705769448220257,-3.223134277254308,5.523467934898651,-2.172019024782986,-1.094152023745448,-0.1222179451331499,2.0547188607217577,1.0621295187938398,1
-4.446978364384127,2.754416594292537,1.3929938621211813,-1.631699650192494,2.5318173109731106,-0.2951663385894802,2.4742912357272697,-1.7889372673503894,2.2602733386568965,1.1484956194699405,1
2.2025559663739767,-0.7118809407599084,-0.9967642721546706,-0.0710750600671517,-0.1311567228182342,-1.27618277219478,-0.2243666935085569,-1.7505665817249811,-0.3686670307038755,-0.6408621032902897,0
3.279103564355087,3.5506547724693345,5.835485091631702,2.283353660904117,2.815097986884818,-0.2862707051975841,2.411081541332615,6.102883293618068,3.7592025976756216,0.7148687572599655,1
-0.3433364887140607,-2.768990603100516,-1.966421179869224,-0.2003588617942328,1.2340693788241042,-1.670624354405896,0.3948036020453518,0.8541523890855555,-0.3542604058434063,-1.0586334235572594,0
-1.3484620984885851,1.4311738073960532,2.230620494488267,3.503245950999521,4.35815960808454,1.2704505982368797,3.836014464867953,0.7123631084128305,-0.7089592425679171,-0.7607434639389833,1
-0.2720650763793721,-2.867700269902357,4.78907118889102,0.7314149730276098,-1.328338765097102,3.1969836005838896,0.5472803771582287,1.6442087124616478,0.936200488263096,2.7486412351378844,1
3.0282177589591543,-1.1603586992685655,-1.1070056231502456,0.3905454206702449,-0.7018848891598984,6.967080588108563,1.5322624260227469,1.1873834055416344,-0.7627821675065939,0.7401959886476859,0
0.1534751387565487,0.2089608800611699,0.3218162413589124,0.4457203496559421,-1.643996070498559,2.797203121095212,-2.6172590755791587,-0.404748394941836,1.9288190547257995,2.224862758368893,1
-3.963971128808214,-1.788311566249284,-2.1354299151182587,0.0283980979890844,-0.7425875739523777,0.6491009649523996,0.343239452693229,0.5338276066458156,-0.0964075623976493,-1.8300769167565176,0
